[2026-01-28 13:43:11,832] [INFO] [real_accelerator.py:191:get_accelerator] Setting ds_accelerator to cuda (auto detect)
[2026-01-28 13:43:13,074] [WARNING] [runner.py:202:fetch_hostfile] Unable to find hostfile, will proceed with training with local resources only.
[2026-01-28 13:43:13,121] [INFO] [runner.py:568:main] cmd = /mnt/traffic/home/dingkuiye/.conda/envs/sida/bin/python3.1 -u -m deepspeed.launcher.launch --world_info=eyJsb2NhbGhvc3QiOiBbMV19 --master_addr=127.0.0.1 --master_port=24999 --enable_each_rank_log=None train_SIDA.py --version=/mnt/traffic/home/dingkuiye/LISA-7B-v1 --dataset_dir=/mnt/traffic/home/dingkuiye/SID_Set --vision_pretrained=/mnt/traffic/home/dingkuiye/sam_vit_h_4b8939.pth --val_dataset=/mnt/traffic/home/dingkuiye/SID_Set/ --batch_size=2 --exp_name=SIDA-7B --epochs=5 --steps_per_epoch=100 --lr=0.0001
[2026-01-28 13:43:14,123] [INFO] [real_accelerator.py:191:get_accelerator] Setting ds_accelerator to cuda (auto detect)
[2026-01-28 13:43:15,414] [INFO] [launch.py:145:main] WORLD INFO DICT: {'localhost': [1]}
[2026-01-28 13:43:15,414] [INFO] [launch.py:151:main] nnodes=1, num_local_procs=1, node_rank=0
[2026-01-28 13:43:15,414] [INFO] [launch.py:162:main] global_rank_mapping=defaultdict(<class 'list'>, {'localhost': [0]})
[2026-01-28 13:43:15,414] [INFO] [launch.py:163:main] dist_world_size=1
[2026-01-28 13:43:15,414] [INFO] [launch.py:165:main] Setting CUDA_VISIBLE_DEVICES=1
[2026-01-28 13:43:15,415] [INFO] [launch.py:253:main] process 1817866 spawned with command: ['/mnt/traffic/home/dingkuiye/.conda/envs/sida/bin/python3.1', '-u', 'train_SIDA.py', '--local_rank=0', '--version=/mnt/traffic/home/dingkuiye/LISA-7B-v1', '--dataset_dir=/mnt/traffic/home/dingkuiye/SID_Set', '--vision_pretrained=/mnt/traffic/home/dingkuiye/sam_vit_h_4b8939.pth', '--val_dataset=/mnt/traffic/home/dingkuiye/SID_Set/', '--batch_size=2', '--exp_name=SIDA-7B', '--epochs=5', '--steps_per_epoch=100', '--lr=0.0001']
[2026-01-28 13:43:16,449] [INFO] [real_accelerator.py:191:get_accelerator] Setting ds_accelerator to cuda (auto detect)
[2026-01-28 13:43:18,198] [INFO] [comm.py:637:init_distributed] cdb=None
[2026-01-28 13:43:18,198] [INFO] [comm.py:668:init_distributed] Initializing TorchBackend in DeepSpeed with backend nccl
Created cls_head: (Linear(in_features=4096, out_features=2048, bias=True), ReLU(), Dropout(p=0.0, inplace=False), Linear(in_features=2048, out_features=3, bias=True))
Created sida_fc1: Linear(in_features=3, out_features=256, bias=True)
Created attention_layer: MultiheadAttention(
  (out_proj): NonDynamicallyQuantizableLinear(in_features=256, out_features=256, bias=True)
)

Initializing SidaModel:
Created cls_head: (Linear(in_features=4096, out_features=2048, bias=True), ReLU(), Dropout(p=0.0, inplace=False), Linear(in_features=2048, out_features=3, bias=True))
Created sida_fc1: Linear(in_features=3, out_features=256, bias=True)
Created attention_layer: MultiheadAttention(
  (out_proj): NonDynamicallyQuantizableLinear(in_features=256, out_features=256, bias=True)
)

Checking specific components:
Found cls_head in parameters: ['model.cls_head.0.0.weight', 'model.cls_head.0.0.bias', 'model.cls_head.0.3.weight', 'model.cls_head.0.3.bias']
Found sida_fc1 in parameters: ['model.sida_fc1.weight', 'model.sida_fc1.bias']
Found attention_layer in parameters: ['model.layers.0.post_attention_layernorm.weight', 'model.layers.1.post_attention_layernorm.weight', 'model.layers.2.post_attention_layernorm.weight', 'model.layers.3.post_attention_layernorm.weight', 'model.layers.4.post_attention_layernorm.weight', 'model.layers.5.post_attention_layernorm.weight', 'model.layers.6.post_attention_layernorm.weight', 'model.layers.7.post_attention_layernorm.weight', 'model.layers.8.post_attention_layernorm.weight', 'model.layers.9.post_attention_layernorm.weight', 'model.layers.10.post_attention_layernorm.weight', 'model.layers.11.post_attention_layernorm.weight', 'model.layers.12.post_attention_layernorm.weight', 'model.layers.13.post_attention_layernorm.weight', 'model.layers.14.post_attention_layernorm.weight', 'model.layers.15.post_attention_layernorm.weight', 'model.layers.16.post_attention_layernorm.weight', 'model.layers.17.post_attention_layernorm.weight', 'model.layers.18.post_attention_layernorm.weight', 'model.layers.19.post_attention_layernorm.weight', 'model.layers.20.post_attention_layernorm.weight', 'model.layers.21.post_attention_layernorm.weight', 'model.layers.22.post_attention_layernorm.weight', 'model.layers.23.post_attention_layernorm.weight', 'model.layers.24.post_attention_layernorm.weight', 'model.layers.25.post_attention_layernorm.weight', 'model.layers.26.post_attention_layernorm.weight', 'model.layers.27.post_attention_layernorm.weight', 'model.layers.28.post_attention_layernorm.weight', 'model.layers.29.post_attention_layernorm.weight', 'model.layers.30.post_attention_layernorm.weight', 'model.layers.31.post_attention_layernorm.weight', 'model.attention_layer.in_proj_weight', 'model.attention_layer.in_proj_bias', 'model.attention_layer.out_proj.weight', 'model.attention_layer.out_proj.bias']
Found text_hidden_fcs in parameters: ['model.text_hidden_fcs.0.0.weight', 'model.text_hidden_fcs.0.0.bias', 'model.text_hidden_fcs.0.2.weight', 'model.text_hidden_fcs.0.2.bias']
Created cls_head: (Linear(in_features=4096, out_features=2048, bias=True), ReLU(), Dropout(p=0.0, inplace=False), Linear(in_features=2048, out_features=3, bias=True))
Created sida_fc1: Linear(in_features=3, out_features=256, bias=True)
Created attention_layer: MultiheadAttention(
  (out_proj): NonDynamicallyQuantizableLinear(in_features=256, out_features=256, bias=True)
)
trainable params: 4,194,304 || all params: 7,717,602,611 || trainable%: 0.05434723982836073
Checking trainable parameters:
Trainable: base_model.model.model.embed_tokens.weight with 131092480 parameters
Trainable: base_model.model.model.layers.0.self_attn.q_proj.lora_A.default.weight with 32768 parameters
Trainable: base_model.model.model.layers.0.self_attn.q_proj.lora_B.default.weight with 32768 parameters
Trainable: base_model.model.model.layers.0.self_attn.v_proj.lora_A.default.weight with 32768 parameters
Trainable: base_model.model.model.layers.0.self_attn.v_proj.lora_B.default.weight with 32768 parameters
Trainable: base_model.model.model.layers.0.post_attention_layernorm.weight with 4096 parameters
Trainable: base_model.model.model.layers.1.self_attn.q_proj.lora_A.default.weight with 32768 parameters
Trainable: base_model.model.model.layers.1.self_attn.q_proj.lora_B.default.weight with 32768 parameters
Trainable: base_model.model.model.layers.1.self_attn.v_proj.lora_A.default.weight with 32768 parameters
Trainable: base_model.model.model.layers.1.self_attn.v_proj.lora_B.default.weight with 32768 parameters
Trainable: base_model.model.model.layers.1.post_attention_layernorm.weight with 4096 parameters
Trainable: base_model.model.model.layers.2.self_attn.q_proj.lora_A.default.weight with 32768 parameters
Trainable: base_model.model.model.layers.2.self_attn.q_proj.lora_B.default.weight with 32768 parameters
Trainable: base_model.model.model.layers.2.self_attn.v_proj.lora_A.default.weight with 32768 parameters
Trainable: base_model.model.model.layers.2.self_attn.v_proj.lora_B.default.weight with 32768 parameters
Trainable: base_model.model.model.layers.2.post_attention_layernorm.weight with 4096 parameters
Trainable: base_model.model.model.layers.3.self_attn.q_proj.lora_A.default.weight with 32768 parameters
Trainable: base_model.model.model.layers.3.self_attn.q_proj.lora_B.default.weight with 32768 parameters
Trainable: base_model.model.model.layers.3.self_attn.v_proj.lora_A.default.weight with 32768 parameters
Trainable: base_model.model.model.layers.3.self_attn.v_proj.lora_B.default.weight with 32768 parameters
Trainable: base_model.model.model.layers.3.post_attention_layernorm.weight with 4096 parameters
Trainable: base_model.model.model.layers.4.self_attn.q_proj.lora_A.default.weight with 32768 parameters
Trainable: base_model.model.model.layers.4.self_attn.q_proj.lora_B.default.weight with 32768 parameters
Trainable: base_model.model.model.layers.4.self_attn.v_proj.lora_A.default.weight with 32768 parameters
Trainable: base_model.model.model.layers.4.self_attn.v_proj.lora_B.default.weight with 32768 parameters
Trainable: base_model.model.model.layers.4.post_attention_layernorm.weight with 4096 parameters
Trainable: base_model.model.model.layers.5.self_attn.q_proj.lora_A.default.weight with 32768 parameters
Trainable: base_model.model.model.layers.5.self_attn.q_proj.lora_B.default.weight with 32768 parameters
Trainable: base_model.model.model.layers.5.self_attn.v_proj.lora_A.default.weight with 32768 parameters
Trainable: base_model.model.model.layers.5.self_attn.v_proj.lora_B.default.weight with 32768 parameters
Trainable: base_model.model.model.layers.5.post_attention_layernorm.weight with 4096 parameters
Trainable: base_model.model.model.layers.6.self_attn.q_proj.lora_A.default.weight with 32768 parameters
Trainable: base_model.model.model.layers.6.self_attn.q_proj.lora_B.default.weight with 32768 parameters
Trainable: base_model.model.model.layers.6.self_attn.v_proj.lora_A.default.weight with 32768 parameters
Trainable: base_model.model.model.layers.6.self_attn.v_proj.lora_B.default.weight with 32768 parameters
Trainable: base_model.model.model.layers.6.post_attention_layernorm.weight with 4096 parameters
Trainable: base_model.model.model.layers.7.self_attn.q_proj.lora_A.default.weight with 32768 parameters
Trainable: base_model.model.model.layers.7.self_attn.q_proj.lora_B.default.weight with 32768 parameters
Trainable: base_model.model.model.layers.7.self_attn.v_proj.lora_A.default.weight with 32768 parameters
Trainable: base_model.model.model.layers.7.self_attn.v_proj.lora_B.default.weight with 32768 parameters
Trainable: base_model.model.model.layers.7.post_attention_layernorm.weight with 4096 parameters
Trainable: base_model.model.model.layers.8.self_attn.q_proj.lora_A.default.weight with 32768 parameters
Trainable: base_model.model.model.layers.8.self_attn.q_proj.lora_B.default.weight with 32768 parameters
Trainable: base_model.model.model.layers.8.self_attn.v_proj.lora_A.default.weight with 32768 parameters
Trainable: base_model.model.model.layers.8.self_attn.v_proj.lora_B.default.weight with 32768 parameters
Trainable: base_model.model.model.layers.8.post_attention_layernorm.weight with 4096 parameters
Trainable: base_model.model.model.layers.9.self_attn.q_proj.lora_A.default.weight with 32768 parameters
Trainable: base_model.model.model.layers.9.self_attn.q_proj.lora_B.default.weight with 32768 parameters
Trainable: base_model.model.model.layers.9.self_attn.v_proj.lora_A.default.weight with 32768 parameters
Trainable: base_model.model.model.layers.9.self_attn.v_proj.lora_B.default.weight with 32768 parameters
Trainable: base_model.model.model.layers.9.post_attention_layernorm.weight with 4096 parameters
Trainable: base_model.model.model.layers.10.self_attn.q_proj.lora_A.default.weight with 32768 parameters
Trainable: base_model.model.model.layers.10.self_attn.q_proj.lora_B.default.weight with 32768 parameters
Trainable: base_model.model.model.layers.10.self_attn.v_proj.lora_A.default.weight with 32768 parameters
Trainable: base_model.model.model.layers.10.self_attn.v_proj.lora_B.default.weight with 32768 parameters
Trainable: base_model.model.model.layers.10.post_attention_layernorm.weight with 4096 parameters
Trainable: base_model.model.model.layers.11.self_attn.q_proj.lora_A.default.weight with 32768 parameters
Trainable: base_model.model.model.layers.11.self_attn.q_proj.lora_B.default.weight with 32768 parameters
Trainable: base_model.model.model.layers.11.self_attn.v_proj.lora_A.default.weight with 32768 parameters
Trainable: base_model.model.model.layers.11.self_attn.v_proj.lora_B.default.weight with 32768 parameters
Trainable: base_model.model.model.layers.11.post_attention_layernorm.weight with 4096 parameters
Trainable: base_model.model.model.layers.12.self_attn.q_proj.lora_A.default.weight with 32768 parameters
Trainable: base_model.model.model.layers.12.self_attn.q_proj.lora_B.default.weight with 32768 parameters
Trainable: base_model.model.model.layers.12.self_attn.v_proj.lora_A.default.weight with 32768 parameters
Trainable: base_model.model.model.layers.12.self_attn.v_proj.lora_B.default.weight with 32768 parameters
Trainable: base_model.model.model.layers.12.post_attention_layernorm.weight with 4096 parameters
Trainable: base_model.model.model.layers.13.self_attn.q_proj.lora_A.default.weight with 32768 parameters
Trainable: base_model.model.model.layers.13.self_attn.q_proj.lora_B.default.weight with 32768 parameters
Trainable: base_model.model.model.layers.13.self_attn.v_proj.lora_A.default.weight with 32768 parameters
Trainable: base_model.model.model.layers.13.self_attn.v_proj.lora_B.default.weight with 32768 parameters
Trainable: base_model.model.model.layers.13.post_attention_layernorm.weight with 4096 parameters
Trainable: base_model.model.model.layers.14.self_attn.q_proj.lora_A.default.weight with 32768 parameters
Trainable: base_model.model.model.layers.14.self_attn.q_proj.lora_B.default.weight with 32768 parameters
Trainable: base_model.model.model.layers.14.self_attn.v_proj.lora_A.default.weight with 32768 parameters
Trainable: base_model.model.model.layers.14.self_attn.v_proj.lora_B.default.weight with 32768 parameters
Trainable: base_model.model.model.layers.14.post_attention_layernorm.weight with 4096 parameters
Trainable: base_model.model.model.layers.15.self_attn.q_proj.lora_A.default.weight with 32768 parameters
Trainable: base_model.model.model.layers.15.self_attn.q_proj.lora_B.default.weight with 32768 parameters
Trainable: base_model.model.model.layers.15.self_attn.v_proj.lora_A.default.weight with 32768 parameters
Trainable: base_model.model.model.layers.15.self_attn.v_proj.lora_B.default.weight with 32768 parameters
Trainable: base_model.model.model.layers.15.post_attention_layernorm.weight with 4096 parameters
Trainable: base_model.model.model.layers.16.self_attn.q_proj.lora_A.default.weight with 32768 parameters
Trainable: base_model.model.model.layers.16.self_attn.q_proj.lora_B.default.weight with 32768 parameters
Trainable: base_model.model.model.layers.16.self_attn.v_proj.lora_A.default.weight with 32768 parameters
Trainable: base_model.model.model.layers.16.self_attn.v_proj.lora_B.default.weight with 32768 parameters
Trainable: base_model.model.model.layers.16.post_attention_layernorm.weight with 4096 parameters
Trainable: base_model.model.model.layers.17.self_attn.q_proj.lora_A.default.weight with 32768 parameters
Trainable: base_model.model.model.layers.17.self_attn.q_proj.lora_B.default.weight with 32768 parameters
Trainable: base_model.model.model.layers.17.self_attn.v_proj.lora_A.default.weight with 32768 parameters
Trainable: base_model.model.model.layers.17.self_attn.v_proj.lora_B.default.weight with 32768 parameters
Trainable: base_model.model.model.layers.17.post_attention_layernorm.weight with 4096 parameters
Trainable: base_model.model.model.layers.18.self_attn.q_proj.lora_A.default.weight with 32768 parameters
Trainable: base_model.model.model.layers.18.self_attn.q_proj.lora_B.default.weight with 32768 parameters
Trainable: base_model.model.model.layers.18.self_attn.v_proj.lora_A.default.weight with 32768 parameters
Trainable: base_model.model.model.layers.18.self_attn.v_proj.lora_B.default.weight with 32768 parameters
Trainable: base_model.model.model.layers.18.post_attention_layernorm.weight with 4096 parameters
Trainable: base_model.model.model.layers.19.self_attn.q_proj.lora_A.default.weight with 32768 parameters
Trainable: base_model.model.model.layers.19.self_attn.q_proj.lora_B.default.weight with 32768 parameters
Trainable: base_model.model.model.layers.19.self_attn.v_proj.lora_A.default.weight with 32768 parameters
Trainable: base_model.model.model.layers.19.self_attn.v_proj.lora_B.default.weight with 32768 parameters
Trainable: base_model.model.model.layers.19.post_attention_layernorm.weight with 4096 parameters
Trainable: base_model.model.model.layers.20.self_attn.q_proj.lora_A.default.weight with 32768 parameters
Trainable: base_model.model.model.layers.20.self_attn.q_proj.lora_B.default.weight with 32768 parameters
Trainable: base_model.model.model.layers.20.self_attn.v_proj.lora_A.default.weight with 32768 parameters
Trainable: base_model.model.model.layers.20.self_attn.v_proj.lora_B.default.weight with 32768 parameters
Trainable: base_model.model.model.layers.20.post_attention_layernorm.weight with 4096 parameters
Trainable: base_model.model.model.layers.21.self_attn.q_proj.lora_A.default.weight with 32768 parameters
Trainable: base_model.model.model.layers.21.self_attn.q_proj.lora_B.default.weight with 32768 parameters
Trainable: base_model.model.model.layers.21.self_attn.v_proj.lora_A.default.weight with 32768 parameters
Trainable: base_model.model.model.layers.21.self_attn.v_proj.lora_B.default.weight with 32768 parameters
Trainable: base_model.model.model.layers.21.post_attention_layernorm.weight with 4096 parameters
Trainable: base_model.model.model.layers.22.self_attn.q_proj.lora_A.default.weight with 32768 parameters
Trainable: base_model.model.model.layers.22.self_attn.q_proj.lora_B.default.weight with 32768 parameters
Trainable: base_model.model.model.layers.22.self_attn.v_proj.lora_A.default.weight with 32768 parameters
Trainable: base_model.model.model.layers.22.self_attn.v_proj.lora_B.default.weight with 32768 parameters
Trainable: base_model.model.model.layers.22.post_attention_layernorm.weight with 4096 parameters
Trainable: base_model.model.model.layers.23.self_attn.q_proj.lora_A.default.weight with 32768 parameters
Trainable: base_model.model.model.layers.23.self_attn.q_proj.lora_B.default.weight with 32768 parameters
Trainable: base_model.model.model.layers.23.self_attn.v_proj.lora_A.default.weight with 32768 parameters
Trainable: base_model.model.model.layers.23.self_attn.v_proj.lora_B.default.weight with 32768 parameters
Trainable: base_model.model.model.layers.23.post_attention_layernorm.weight with 4096 parameters
Trainable: base_model.model.model.layers.24.self_attn.q_proj.lora_A.default.weight with 32768 parameters
Trainable: base_model.model.model.layers.24.self_attn.q_proj.lora_B.default.weight with 32768 parameters
Trainable: base_model.model.model.layers.24.self_attn.v_proj.lora_A.default.weight with 32768 parameters
Trainable: base_model.model.model.layers.24.self_attn.v_proj.lora_B.default.weight with 32768 parameters
Trainable: base_model.model.model.layers.24.post_attention_layernorm.weight with 4096 parameters
Trainable: base_model.model.model.layers.25.self_attn.q_proj.lora_A.default.weight with 32768 parameters
Trainable: base_model.model.model.layers.25.self_attn.q_proj.lora_B.default.weight with 32768 parameters
Trainable: base_model.model.model.layers.25.self_attn.v_proj.lora_A.default.weight with 32768 parameters
Trainable: base_model.model.model.layers.25.self_attn.v_proj.lora_B.default.weight with 32768 parameters
Trainable: base_model.model.model.layers.25.post_attention_layernorm.weight with 4096 parameters
Trainable: base_model.model.model.layers.26.self_attn.q_proj.lora_A.default.weight with 32768 parameters
Trainable: base_model.model.model.layers.26.self_attn.q_proj.lora_B.default.weight with 32768 parameters
Trainable: base_model.model.model.layers.26.self_attn.v_proj.lora_A.default.weight with 32768 parameters
Trainable: base_model.model.model.layers.26.self_attn.v_proj.lora_B.default.weight with 32768 parameters
Trainable: base_model.model.model.layers.26.post_attention_layernorm.weight with 4096 parameters
Trainable: base_model.model.model.layers.27.self_attn.q_proj.lora_A.default.weight with 32768 parameters
Trainable: base_model.model.model.layers.27.self_attn.q_proj.lora_B.default.weight with 32768 parameters
Trainable: base_model.model.model.layers.27.self_attn.v_proj.lora_A.default.weight with 32768 parameters
Trainable: base_model.model.model.layers.27.self_attn.v_proj.lora_B.default.weight with 32768 parameters
Trainable: base_model.model.model.layers.27.post_attention_layernorm.weight with 4096 parameters
Trainable: base_model.model.model.layers.28.self_attn.q_proj.lora_A.default.weight with 32768 parameters
Trainable: base_model.model.model.layers.28.self_attn.q_proj.lora_B.default.weight with 32768 parameters
Trainable: base_model.model.model.layers.28.self_attn.v_proj.lora_A.default.weight with 32768 parameters
Trainable: base_model.model.model.layers.28.self_attn.v_proj.lora_B.default.weight with 32768 parameters
Trainable: base_model.model.model.layers.28.post_attention_layernorm.weight with 4096 parameters
Trainable: base_model.model.model.layers.29.self_attn.q_proj.lora_A.default.weight with 32768 parameters
Trainable: base_model.model.model.layers.29.self_attn.q_proj.lora_B.default.weight with 32768 parameters
Trainable: base_model.model.model.layers.29.self_attn.v_proj.lora_A.default.weight with 32768 parameters
Trainable: base_model.model.model.layers.29.self_attn.v_proj.lora_B.default.weight with 32768 parameters
Trainable: base_model.model.model.layers.29.post_attention_layernorm.weight with 4096 parameters
Trainable: base_model.model.model.layers.30.self_attn.q_proj.lora_A.default.weight with 32768 parameters
Trainable: base_model.model.model.layers.30.self_attn.q_proj.lora_B.default.weight with 32768 parameters
Trainable: base_model.model.model.layers.30.self_attn.v_proj.lora_A.default.weight with 32768 parameters
Trainable: base_model.model.model.layers.30.self_attn.v_proj.lora_B.default.weight with 32768 parameters
Trainable: base_model.model.model.layers.30.post_attention_layernorm.weight with 4096 parameters
Trainable: base_model.model.model.layers.31.self_attn.q_proj.lora_A.default.weight with 32768 parameters
Trainable: base_model.model.model.layers.31.self_attn.q_proj.lora_B.default.weight with 32768 parameters
Trainable: base_model.model.model.layers.31.self_attn.v_proj.lora_A.default.weight with 32768 parameters
Trainable: base_model.model.model.layers.31.self_attn.v_proj.lora_B.default.weight with 32768 parameters
Trainable: base_model.model.model.layers.31.post_attention_layernorm.weight with 4096 parameters
Trainable: base_model.model.model.visual_model.mask_decoder.transformer.layers.0.self_attn.q_proj.weight with 65536 parameters
Trainable: base_model.model.model.visual_model.mask_decoder.transformer.layers.0.self_attn.q_proj.bias with 256 parameters
Trainable: base_model.model.model.visual_model.mask_decoder.transformer.layers.0.self_attn.k_proj.weight with 65536 parameters
Trainable: base_model.model.model.visual_model.mask_decoder.transformer.layers.0.self_attn.k_proj.bias with 256 parameters
Trainable: base_model.model.model.visual_model.mask_decoder.transformer.layers.0.self_attn.v_proj.weight with 65536 parameters
Trainable: base_model.model.model.visual_model.mask_decoder.transformer.layers.0.self_attn.v_proj.bias with 256 parameters
Trainable: base_model.model.model.visual_model.mask_decoder.transformer.layers.0.self_attn.out_proj.weight with 65536 parameters
Trainable: base_model.model.model.visual_model.mask_decoder.transformer.layers.0.self_attn.out_proj.bias with 256 parameters
Trainable: base_model.model.model.visual_model.mask_decoder.transformer.layers.0.norm1.weight with 256 parameters
Trainable: base_model.model.model.visual_model.mask_decoder.transformer.layers.0.norm1.bias with 256 parameters
Trainable: base_model.model.model.visual_model.mask_decoder.transformer.layers.0.cross_attn_token_to_image.q_proj.weight with 32768 parameters
Trainable: base_model.model.model.visual_model.mask_decoder.transformer.layers.0.cross_attn_token_to_image.q_proj.bias with 128 parameters
Trainable: base_model.model.model.visual_model.mask_decoder.transformer.layers.0.cross_attn_token_to_image.k_proj.weight with 32768 parameters
Trainable: base_model.model.model.visual_model.mask_decoder.transformer.layers.0.cross_attn_token_to_image.k_proj.bias with 128 parameters
Trainable: base_model.model.model.visual_model.mask_decoder.transformer.layers.0.cross_attn_token_to_image.v_proj.weight with 32768 parameters
Trainable: base_model.model.model.visual_model.mask_decoder.transformer.layers.0.cross_attn_token_to_image.v_proj.bias with 128 parameters
Trainable: base_model.model.model.visual_model.mask_decoder.transformer.layers.0.cross_attn_token_to_image.out_proj.weight with 32768 parameters
Trainable: base_model.model.model.visual_model.mask_decoder.transformer.layers.0.cross_attn_token_to_image.out_proj.bias with 256 parameters
Trainable: base_model.model.model.visual_model.mask_decoder.transformer.layers.0.norm2.weight with 256 parameters
Trainable: base_model.model.model.visual_model.mask_decoder.transformer.layers.0.norm2.bias with 256 parameters
Trainable: base_model.model.model.visual_model.mask_decoder.transformer.layers.0.mlp.lin1.weight with 524288 parameters
Trainable: base_model.model.model.visual_model.mask_decoder.transformer.layers.0.mlp.lin1.bias with 2048 parameters
Trainable: base_model.model.model.visual_model.mask_decoder.transformer.layers.0.mlp.lin2.weight with 524288 parameters
Trainable: base_model.model.model.visual_model.mask_decoder.transformer.layers.0.mlp.lin2.bias with 256 parameters
Trainable: base_model.model.model.visual_model.mask_decoder.transformer.layers.0.norm3.weight with 256 parameters
Trainable: base_model.model.model.visual_model.mask_decoder.transformer.layers.0.norm3.bias with 256 parameters
Trainable: base_model.model.model.visual_model.mask_decoder.transformer.layers.0.norm4.weight with 256 parameters
Trainable: base_model.model.model.visual_model.mask_decoder.transformer.layers.0.norm4.bias with 256 parameters
Trainable: base_model.model.model.visual_model.mask_decoder.transformer.layers.0.cross_attn_image_to_token.q_proj.weight with 32768 parameters
Trainable: base_model.model.model.visual_model.mask_decoder.transformer.layers.0.cross_attn_image_to_token.q_proj.bias with 128 parameters
Trainable: base_model.model.model.visual_model.mask_decoder.transformer.layers.0.cross_attn_image_to_token.k_proj.weight with 32768 parameters
Trainable: base_model.model.model.visual_model.mask_decoder.transformer.layers.0.cross_attn_image_to_token.k_proj.bias with 128 parameters
Trainable: base_model.model.model.visual_model.mask_decoder.transformer.layers.0.cross_attn_image_to_token.v_proj.weight with 32768 parameters
Trainable: base_model.model.model.visual_model.mask_decoder.transformer.layers.0.cross_attn_image_to_token.v_proj.bias with 128 parameters
Trainable: base_model.model.model.visual_model.mask_decoder.transformer.layers.0.cross_attn_image_to_token.out_proj.weight with 32768 parameters
Trainable: base_model.model.model.visual_model.mask_decoder.transformer.layers.0.cross_attn_image_to_token.out_proj.bias with 256 parameters
Trainable: base_model.model.model.visual_model.mask_decoder.transformer.layers.1.self_attn.q_proj.weight with 65536 parameters
Trainable: base_model.model.model.visual_model.mask_decoder.transformer.layers.1.self_attn.q_proj.bias with 256 parameters
Trainable: base_model.model.model.visual_model.mask_decoder.transformer.layers.1.self_attn.k_proj.weight with 65536 parameters
Trainable: base_model.model.model.visual_model.mask_decoder.transformer.layers.1.self_attn.k_proj.bias with 256 parameters
Trainable: base_model.model.model.visual_model.mask_decoder.transformer.layers.1.self_attn.v_proj.weight with 65536 parameters
Trainable: base_model.model.model.visual_model.mask_decoder.transformer.layers.1.self_attn.v_proj.bias with 256 parameters
Trainable: base_model.model.model.visual_model.mask_decoder.transformer.layers.1.self_attn.out_proj.weight with 65536 parameters
Trainable: base_model.model.model.visual_model.mask_decoder.transformer.layers.1.self_attn.out_proj.bias with 256 parameters
Trainable: base_model.model.model.visual_model.mask_decoder.transformer.layers.1.norm1.weight with 256 parameters
Trainable: base_model.model.model.visual_model.mask_decoder.transformer.layers.1.norm1.bias with 256 parameters
Trainable: base_model.model.model.visual_model.mask_decoder.transformer.layers.1.cross_attn_token_to_image.q_proj.weight with 32768 parameters
Trainable: base_model.model.model.visual_model.mask_decoder.transformer.layers.1.cross_attn_token_to_image.q_proj.bias with 128 parameters
Trainable: base_model.model.model.visual_model.mask_decoder.transformer.layers.1.cross_attn_token_to_image.k_proj.weight with 32768 parameters
Trainable: base_model.model.model.visual_model.mask_decoder.transformer.layers.1.cross_attn_token_to_image.k_proj.bias with 128 parameters
Trainable: base_model.model.model.visual_model.mask_decoder.transformer.layers.1.cross_attn_token_to_image.v_proj.weight with 32768 parameters
Trainable: base_model.model.model.visual_model.mask_decoder.transformer.layers.1.cross_attn_token_to_image.v_proj.bias with 128 parameters
Trainable: base_model.model.model.visual_model.mask_decoder.transformer.layers.1.cross_attn_token_to_image.out_proj.weight with 32768 parameters
Trainable: base_model.model.model.visual_model.mask_decoder.transformer.layers.1.cross_attn_token_to_image.out_proj.bias with 256 parameters
Trainable: base_model.model.model.visual_model.mask_decoder.transformer.layers.1.norm2.weight with 256 parameters
Trainable: base_model.model.model.visual_model.mask_decoder.transformer.layers.1.norm2.bias with 256 parameters
Trainable: base_model.model.model.visual_model.mask_decoder.transformer.layers.1.mlp.lin1.weight with 524288 parameters
Trainable: base_model.model.model.visual_model.mask_decoder.transformer.layers.1.mlp.lin1.bias with 2048 parameters
Trainable: base_model.model.model.visual_model.mask_decoder.transformer.layers.1.mlp.lin2.weight with 524288 parameters
Trainable: base_model.model.model.visual_model.mask_decoder.transformer.layers.1.mlp.lin2.bias with 256 parameters
Trainable: base_model.model.model.visual_model.mask_decoder.transformer.layers.1.norm3.weight with 256 parameters
Trainable: base_model.model.model.visual_model.mask_decoder.transformer.layers.1.norm3.bias with 256 parameters
Trainable: base_model.model.model.visual_model.mask_decoder.transformer.layers.1.norm4.weight with 256 parameters
Trainable: base_model.model.model.visual_model.mask_decoder.transformer.layers.1.norm4.bias with 256 parameters
Trainable: base_model.model.model.visual_model.mask_decoder.transformer.layers.1.cross_attn_image_to_token.q_proj.weight with 32768 parameters
Trainable: base_model.model.model.visual_model.mask_decoder.transformer.layers.1.cross_attn_image_to_token.q_proj.bias with 128 parameters
Trainable: base_model.model.model.visual_model.mask_decoder.transformer.layers.1.cross_attn_image_to_token.k_proj.weight with 32768 parameters
Trainable: base_model.model.model.visual_model.mask_decoder.transformer.layers.1.cross_attn_image_to_token.k_proj.bias with 128 parameters
Trainable: base_model.model.model.visual_model.mask_decoder.transformer.layers.1.cross_attn_image_to_token.v_proj.weight with 32768 parameters
Trainable: base_model.model.model.visual_model.mask_decoder.transformer.layers.1.cross_attn_image_to_token.v_proj.bias with 128 parameters
Trainable: base_model.model.model.visual_model.mask_decoder.transformer.layers.1.cross_attn_image_to_token.out_proj.weight with 32768 parameters
Trainable: base_model.model.model.visual_model.mask_decoder.transformer.layers.1.cross_attn_image_to_token.out_proj.bias with 256 parameters
Trainable: base_model.model.model.visual_model.mask_decoder.transformer.final_attn_token_to_image.q_proj.weight with 32768 parameters
Trainable: base_model.model.model.visual_model.mask_decoder.transformer.final_attn_token_to_image.q_proj.bias with 128 parameters
Trainable: base_model.model.model.visual_model.mask_decoder.transformer.final_attn_token_to_image.k_proj.weight with 32768 parameters
Trainable: base_model.model.model.visual_model.mask_decoder.transformer.final_attn_token_to_image.k_proj.bias with 128 parameters
Trainable: base_model.model.model.visual_model.mask_decoder.transformer.final_attn_token_to_image.v_proj.weight with 32768 parameters
Trainable: base_model.model.model.visual_model.mask_decoder.transformer.final_attn_token_to_image.v_proj.bias with 128 parameters
Trainable: base_model.model.model.visual_model.mask_decoder.transformer.final_attn_token_to_image.out_proj.weight with 32768 parameters
Trainable: base_model.model.model.visual_model.mask_decoder.transformer.final_attn_token_to_image.out_proj.bias with 256 parameters
Trainable: base_model.model.model.visual_model.mask_decoder.transformer.norm_final_attn.weight with 256 parameters
Trainable: base_model.model.model.visual_model.mask_decoder.transformer.norm_final_attn.bias with 256 parameters
Trainable: base_model.model.model.visual_model.mask_decoder.iou_token.weight with 256 parameters
Trainable: base_model.model.model.visual_model.mask_decoder.mask_tokens.weight with 1024 parameters
Trainable: base_model.model.model.visual_model.mask_decoder.output_upscaling.0.weight with 65536 parameters
Trainable: base_model.model.model.visual_model.mask_decoder.output_upscaling.0.bias with 64 parameters
Trainable: base_model.model.model.visual_model.mask_decoder.output_upscaling.1.weight with 64 parameters
Trainable: base_model.model.model.visual_model.mask_decoder.output_upscaling.1.bias with 64 parameters
Trainable: base_model.model.model.visual_model.mask_decoder.output_upscaling.3.weight with 8192 parameters
Trainable: base_model.model.model.visual_model.mask_decoder.output_upscaling.3.bias with 32 parameters
Trainable: base_model.model.model.visual_model.mask_decoder.output_hypernetworks_mlps.0.layers.0.weight with 65536 parameters
Trainable: base_model.model.model.visual_model.mask_decoder.output_hypernetworks_mlps.0.layers.0.bias with 256 parameters
Trainable: base_model.model.model.visual_model.mask_decoder.output_hypernetworks_mlps.0.layers.1.weight with 65536 parameters
Trainable: base_model.model.model.visual_model.mask_decoder.output_hypernetworks_mlps.0.layers.1.bias with 256 parameters
Trainable: base_model.model.model.visual_model.mask_decoder.output_hypernetworks_mlps.0.layers.2.weight with 8192 parameters
Trainable: base_model.model.model.visual_model.mask_decoder.output_hypernetworks_mlps.0.layers.2.bias with 32 parameters
Trainable: base_model.model.model.visual_model.mask_decoder.output_hypernetworks_mlps.1.layers.0.weight with 65536 parameters
Trainable: base_model.model.model.visual_model.mask_decoder.output_hypernetworks_mlps.1.layers.0.bias with 256 parameters
Trainable: base_model.model.model.visual_model.mask_decoder.output_hypernetworks_mlps.1.layers.1.weight with 65536 parameters
Trainable: base_model.model.model.visual_model.mask_decoder.output_hypernetworks_mlps.1.layers.1.bias with 256 parameters
Trainable: base_model.model.model.visual_model.mask_decoder.output_hypernetworks_mlps.1.layers.2.weight with 8192 parameters
Trainable: base_model.model.model.visual_model.mask_decoder.output_hypernetworks_mlps.1.layers.2.bias with 32 parameters
Trainable: base_model.model.model.visual_model.mask_decoder.output_hypernetworks_mlps.2.layers.0.weight with 65536 parameters
Trainable: base_model.model.model.visual_model.mask_decoder.output_hypernetworks_mlps.2.layers.0.bias with 256 parameters
Trainable: base_model.model.model.visual_model.mask_decoder.output_hypernetworks_mlps.2.layers.1.weight with 65536 parameters
Trainable: base_model.model.model.visual_model.mask_decoder.output_hypernetworks_mlps.2.layers.1.bias with 256 parameters
Trainable: base_model.model.model.visual_model.mask_decoder.output_hypernetworks_mlps.2.layers.2.weight with 8192 parameters
Trainable: base_model.model.model.visual_model.mask_decoder.output_hypernetworks_mlps.2.layers.2.bias with 32 parameters
Trainable: base_model.model.model.visual_model.mask_decoder.output_hypernetworks_mlps.3.layers.0.weight with 65536 parameters
Trainable: base_model.model.model.visual_model.mask_decoder.output_hypernetworks_mlps.3.layers.0.bias with 256 parameters
Trainable: base_model.model.model.visual_model.mask_decoder.output_hypernetworks_mlps.3.layers.1.weight with 65536 parameters
Trainable: base_model.model.model.visual_model.mask_decoder.output_hypernetworks_mlps.3.layers.1.bias with 256 parameters
Trainable: base_model.model.model.visual_model.mask_decoder.output_hypernetworks_mlps.3.layers.2.weight with 8192 parameters
Trainable: base_model.model.model.visual_model.mask_decoder.output_hypernetworks_mlps.3.layers.2.bias with 32 parameters
Trainable: base_model.model.model.visual_model.mask_decoder.iou_prediction_head.layers.0.weight with 65536 parameters
Trainable: base_model.model.model.visual_model.mask_decoder.iou_prediction_head.layers.0.bias with 256 parameters
Trainable: base_model.model.model.visual_model.mask_decoder.iou_prediction_head.layers.1.weight with 65536 parameters
Trainable: base_model.model.model.visual_model.mask_decoder.iou_prediction_head.layers.1.bias with 256 parameters
Trainable: base_model.model.model.visual_model.mask_decoder.iou_prediction_head.layers.2.weight with 1024 parameters
Trainable: base_model.model.model.visual_model.mask_decoder.iou_prediction_head.layers.2.bias with 4 parameters
Trainable: base_model.model.model.text_hidden_fcs.0.0.weight with 16777216 parameters
Trainable: base_model.model.model.text_hidden_fcs.0.0.bias with 4096 parameters
Trainable: base_model.model.model.text_hidden_fcs.0.2.weight with 1048576 parameters
Trainable: base_model.model.model.text_hidden_fcs.0.2.bias with 256 parameters
Trainable: base_model.model.model.cls_head.0.0.weight with 8388608 parameters
Trainable: base_model.model.model.cls_head.0.0.bias with 2048 parameters
Trainable: base_model.model.model.cls_head.0.3.weight with 6144 parameters
Trainable: base_model.model.model.cls_head.0.3.bias with 3 parameters
Trainable: base_model.model.model.sida_fc1.weight with 768 parameters
Trainable: base_model.model.model.sida_fc1.bias with 256 parameters
Trainable: base_model.model.model.attention_layer.in_proj_weight with 196608 parameters
Trainable: base_model.model.model.attention_layer.in_proj_bias with 768 parameters
Trainable: base_model.model.model.attention_layer.out_proj.weight with 65536 parameters
Trainable: base_model.model.model.attention_layer.out_proj.bias with 256 parameters
Total trainable parameters: 165967335

Dataset Statistics for train split:
Real images: 100
Full synthetic images: 100
Tampered images: 100 (Valid) / 100 (Total)

Initializing datasets:
Training split size: 300

Dataset Statistics for validation split:
Real images: 100
Full synthetic images: 100
Tampered images: 100 (Valid) / 100 (Total)
Training with 300 examples and validating with 300 examples.

Rank 0 - Dataset statistics:
Class 0: 100 images
Class 1: 100 images
Class 2: 100 images
[2026-01-28 13:44:05,221] [INFO] [logging.py:96:log_dist] [Rank 0] DeepSpeed info: version=0.14.0, git-hash=unknown, git-branch=unknown
[2026-01-28 13:44:10,407] [INFO] [logging.py:96:log_dist] [Rank 0] DeepSpeed Flops Profiler Enabled: False
ninja: no work to do.
Time to load fused_adam op: 0.04551124572753906 seconds
[2026-01-28 13:44:10,749] [INFO] [logging.py:96:log_dist] [Rank 0] Using DeepSpeed Optimizer param name adamw as basic optimizer
[2026-01-28 13:44:10,750] [INFO] [logging.py:96:log_dist] [Rank 0] Removing param_group that has no 'params' in the basic Optimizer
[2026-01-28 13:44:11,038] [INFO] [logging.py:96:log_dist] [Rank 0] DeepSpeed Basic Optimizer = FusedAdam
[2026-01-28 13:44:11,038] [INFO] [utils.py:56:is_zero_supported_optimizer] Checking ZeRO support for optimizer=FusedAdam type=<class 'deepspeed.ops.adam.fused_adam.FusedAdam'>
[2026-01-28 13:44:11,038] [INFO] [logging.py:96:log_dist] [Rank 0] Creating torch.float16 ZeRO stage 2 optimizer
[2026-01-28 13:44:11,038] [INFO] [stage_1_and_2.py:149:__init__] Reduce bucket size 500000000
[2026-01-28 13:44:11,038] [INFO] [stage_1_and_2.py:150:__init__] Allgather bucket size 500000000
[2026-01-28 13:44:11,038] [INFO] [stage_1_and_2.py:151:__init__] CPU Offload: False
[2026-01-28 13:44:11,038] [INFO] [stage_1_and_2.py:152:__init__] Round robin gradient partitioning: False
[2026-01-28 13:44:11,393] [INFO] [utils.py:800:see_memory_usage] Before initializing optimizer states
[2026-01-28 13:44:11,394] [INFO] [utils.py:801:see_memory_usage] MA 15.03 GB         Max_MA 15.34 GB         CA 15.71 GB         Max_CA 16 GB 
[2026-01-28 13:44:11,394] [INFO] [utils.py:808:see_memory_usage] CPU Virtual Memory:  used = 67.5 GB, percent = 17.9%
[2026-01-28 13:44:11,465] [INFO] [utils.py:800:see_memory_usage] After initializing optimizer states
[2026-01-28 13:44:11,466] [INFO] [utils.py:801:see_memory_usage] MA 15.03 GB         Max_MA 15.65 GB         CA 16.33 GB         Max_CA 16 GB 
[2026-01-28 13:44:11,466] [INFO] [utils.py:808:see_memory_usage] CPU Virtual Memory:  used = 67.5 GB, percent = 17.9%
[2026-01-28 13:44:11,466] [INFO] [stage_1_and_2.py:539:__init__] optimizer state initialized
[2026-01-28 13:44:11,536] [INFO] [utils.py:800:see_memory_usage] After initializing ZeRO optimizer
[2026-01-28 13:44:11,536] [INFO] [utils.py:801:see_memory_usage] MA 15.03 GB         Max_MA 15.03 GB         CA 16.33 GB         Max_CA 16 GB 
[2026-01-28 13:44:11,536] [INFO] [utils.py:808:see_memory_usage] CPU Virtual Memory:  used = 67.48 GB, percent = 17.9%
[2026-01-28 13:44:11,540] [INFO] [logging.py:96:log_dist] [Rank 0] DeepSpeed Final Optimizer = adamw
[2026-01-28 13:44:11,541] [INFO] [logging.py:96:log_dist] [Rank 0] DeepSpeed using configured LR scheduler = WarmupDecayLR
[2026-01-28 13:44:11,541] [INFO] [logging.py:96:log_dist] [Rank 0] DeepSpeed LR Scheduler = <deepspeed.runtime.lr_schedules.WarmupDecayLR object at 0x7fa4b0200820>
[2026-01-28 13:44:11,541] [INFO] [logging.py:96:log_dist] [Rank 0] step=0, skipped=0, lr=[0.0001], mom=[(0.9, 0.95)]
[2026-01-28 13:44:11,543] [INFO] [config.py:996:print] DeepSpeedEngine configuration:
[2026-01-28 13:44:11,543] [INFO] [config.py:1000:print]   activation_checkpointing_config  {
    "partition_activations": false, 
    "contiguous_memory_optimization": false, 
    "cpu_checkpointing": false, 
    "number_checkpoints": null, 
    "synchronize_checkpoint_boundary": false, 
    "profile": false
}
[2026-01-28 13:44:11,544] [INFO] [config.py:1000:print]   aio_config ................... {'block_size': 1048576, 'queue_depth': 8, 'thread_count': 1, 'single_submit': False, 'overlap_events': True}
[2026-01-28 13:44:11,544] [INFO] [config.py:1000:print]   amp_enabled .................. False
[2026-01-28 13:44:11,544] [INFO] [config.py:1000:print]   amp_params ................... False
[2026-01-28 13:44:11,544] [INFO] [config.py:1000:print]   autotuning_config ............ {
    "enabled": false, 
    "start_step": null, 
    "end_step": null, 
    "metric_path": null, 
    "arg_mappings": null, 
    "metric": "throughput", 
    "model_info": null, 
    "results_dir": "autotuning_results", 
    "exps_dir": "autotuning_exps", 
    "overwrite": true, 
    "fast": true, 
    "start_profile_step": 3, 
    "end_profile_step": 5, 
    "tuner_type": "gridsearch", 
    "tuner_early_stopping": 5, 
    "tuner_num_trials": 50, 
    "model_info_path": null, 
    "mp_size": 1, 
    "max_train_batch_size": null, 
    "min_train_batch_size": 1, 
    "max_train_micro_batch_size_per_gpu": 1.024000e+03, 
    "min_train_micro_batch_size_per_gpu": 1, 
    "num_tuning_micro_batch_sizes": 3
}
[2026-01-28 13:44:11,544] [INFO] [config.py:1000:print]   bfloat16_enabled ............. False
[2026-01-28 13:44:11,544] [INFO] [config.py:1000:print]   bfloat16_immediate_grad_update  False
[2026-01-28 13:44:11,544] [INFO] [config.py:1000:print]   checkpoint_parallel_write_pipeline  False
[2026-01-28 13:44:11,544] [INFO] [config.py:1000:print]   checkpoint_tag_validation_enabled  True
[2026-01-28 13:44:11,544] [INFO] [config.py:1000:print]   checkpoint_tag_validation_fail  False
[2026-01-28 13:44:11,544] [INFO] [config.py:1000:print]   comms_config ................. <deepspeed.comm.config.DeepSpeedCommsConfig object at 0x7fa4b0201720>
[2026-01-28 13:44:11,544] [INFO] [config.py:1000:print]   communication_data_type ...... None
[2026-01-28 13:44:11,544] [INFO] [config.py:1000:print]   compile_config ............... enabled=False backend='inductor' kwargs={}
[2026-01-28 13:44:11,544] [INFO] [config.py:1000:print]   compression_config ........... {'weight_quantization': {'shared_parameters': {'enabled': False, 'quantizer_kernel': False, 'schedule_offset': 0, 'quantize_groups': 1, 'quantize_verbose': False, 'quantization_type': 'symmetric', 'quantize_weight_in_forward': False, 'rounding': 'nearest', 'fp16_mixed_quantize': False, 'quantize_change_ratio': 0.001}, 'different_groups': {}}, 'activation_quantization': {'shared_parameters': {'enabled': False, 'quantization_type': 'symmetric', 'range_calibration': 'dynamic', 'schedule_offset': 1000}, 'different_groups': {}}, 'sparse_pruning': {'shared_parameters': {'enabled': False, 'method': 'l1', 'schedule_offset': 1000}, 'different_groups': {}}, 'row_pruning': {'shared_parameters': {'enabled': False, 'method': 'l1', 'schedule_offset': 1000}, 'different_groups': {}}, 'head_pruning': {'shared_parameters': {'enabled': False, 'method': 'topk', 'schedule_offset': 1000}, 'different_groups': {}}, 'channel_pruning': {'shared_parameters': {'enabled': False, 'method': 'l1', 'schedule_offset': 1000}, 'different_groups': {}}, 'layer_reduction': {'enabled': False}}
[2026-01-28 13:44:11,544] [INFO] [config.py:1000:print]   curriculum_enabled_legacy .... False
[2026-01-28 13:44:11,544] [INFO] [config.py:1000:print]   curriculum_params_legacy ..... False
[2026-01-28 13:44:11,544] [INFO] [config.py:1000:print]   data_efficiency_config ....... {'enabled': False, 'seed': 1234, 'data_sampling': {'enabled': False, 'num_epochs': 1000, 'num_workers': 0, 'curriculum_learning': {'enabled': False}}, 'data_routing': {'enabled': False, 'random_ltd': {'enabled': False, 'layer_token_lr_schedule': {'enabled': False}}}}
[2026-01-28 13:44:11,544] [INFO] [config.py:1000:print]   data_efficiency_enabled ...... False
[2026-01-28 13:44:11,544] [INFO] [config.py:1000:print]   dataloader_drop_last ......... False
[2026-01-28 13:44:11,544] [INFO] [config.py:1000:print]   disable_allgather ............ False
[2026-01-28 13:44:11,544] [INFO] [config.py:1000:print]   dump_state ................... False
[2026-01-28 13:44:11,544] [INFO] [config.py:1000:print]   dynamic_loss_scale_args ...... {'init_scale': 4096, 'scale_window': 1000, 'delayed_shift': 2, 'consecutive_hysteresis': False, 'min_scale': 1}
[2026-01-28 13:44:11,544] [INFO] [config.py:1000:print]   eigenvalue_enabled ........... False
[2026-01-28 13:44:11,544] [INFO] [config.py:1000:print]   eigenvalue_gas_boundary_resolution  1
[2026-01-28 13:44:11,544] [INFO] [config.py:1000:print]   eigenvalue_layer_name ........ bert.encoder.layer
[2026-01-28 13:44:11,544] [INFO] [config.py:1000:print]   eigenvalue_layer_num ......... 0
[2026-01-28 13:44:11,544] [INFO] [config.py:1000:print]   eigenvalue_max_iter .......... 100
[2026-01-28 13:44:11,544] [INFO] [config.py:1000:print]   eigenvalue_stability ......... 1e-06
[2026-01-28 13:44:11,544] [INFO] [config.py:1000:print]   eigenvalue_tol ............... 0.01
[2026-01-28 13:44:11,544] [INFO] [config.py:1000:print]   eigenvalue_verbose ........... False
[2026-01-28 13:44:11,544] [INFO] [config.py:1000:print]   elasticity_enabled ........... False
[2026-01-28 13:44:11,544] [INFO] [config.py:1000:print]   flops_profiler_config ........ {
    "enabled": false, 
    "recompute_fwd_factor": 0.0, 
    "profile_step": 1, 
    "module_depth": -1, 
    "top_modules": 1, 
    "detailed": true, 
    "output_file": null
}
[2026-01-28 13:44:11,544] [INFO] [config.py:1000:print]   fp16_auto_cast ............... False
[2026-01-28 13:44:11,544] [INFO] [config.py:1000:print]   fp16_enabled ................. True
[2026-01-28 13:44:11,544] [INFO] [config.py:1000:print]   fp16_master_weights_and_gradients  False
[2026-01-28 13:44:11,544] [INFO] [config.py:1000:print]   global_rank .................. 0
[2026-01-28 13:44:11,544] [INFO] [config.py:1000:print]   grad_accum_dtype ............. None
[2026-01-28 13:44:11,544] [INFO] [config.py:1000:print]   gradient_accumulation_steps .. 10
[2026-01-28 13:44:11,544] [INFO] [config.py:1000:print]   gradient_clipping ............ 1.0
[2026-01-28 13:44:11,544] [INFO] [config.py:1000:print]   gradient_predivide_factor .... 1.0
[2026-01-28 13:44:11,545] [INFO] [config.py:1000:print]   graph_harvesting ............. False
[2026-01-28 13:44:11,545] [INFO] [config.py:1000:print]   hybrid_engine ................ enabled=False max_out_tokens=512 inference_tp_size=1 release_inference_cache=False pin_parameters=True tp_gather_partition_size=8
[2026-01-28 13:44:11,545] [INFO] [config.py:1000:print]   initial_dynamic_scale ........ 4096
[2026-01-28 13:44:11,545] [INFO] [config.py:1000:print]   load_universal_checkpoint .... False
[2026-01-28 13:44:11,545] [INFO] [config.py:1000:print]   loss_scale ................... 0
[2026-01-28 13:44:11,545] [INFO] [config.py:1000:print]   memory_breakdown ............. False
[2026-01-28 13:44:11,545] [INFO] [config.py:1000:print]   mics_hierarchial_params_gather  False
[2026-01-28 13:44:11,545] [INFO] [config.py:1000:print]   mics_shard_size .............. -1
[2026-01-28 13:44:11,545] [INFO] [config.py:1000:print]   monitor_config ............... tensorboard=TensorBoardConfig(enabled=False, output_path='', job_name='DeepSpeedJobName') wandb=WandbConfig(enabled=False, group=None, team=None, project='deepspeed') csv_monitor=CSVConfig(enabled=False, output_path='', job_name='DeepSpeedJobName') enabled=False
[2026-01-28 13:44:11,545] [INFO] [config.py:1000:print]   nebula_config ................ {
    "enabled": false, 
    "persistent_storage_path": null, 
    "persistent_time_interval": 100, 
    "num_of_version_in_retention": 2, 
    "enable_nebula_load": true, 
    "load_path": null
}
[2026-01-28 13:44:11,545] [INFO] [config.py:1000:print]   optimizer_legacy_fusion ...... False
[2026-01-28 13:44:11,545] [INFO] [config.py:1000:print]   optimizer_name ............... adamw
[2026-01-28 13:44:11,545] [INFO] [config.py:1000:print]   optimizer_params ............. {'lr': 0.0001, 'weight_decay': 0.0, 'betas': (0.9, 0.95)}
[2026-01-28 13:44:11,545] [INFO] [config.py:1000:print]   pipeline ..................... {'stages': 'auto', 'partition': 'best', 'seed_layers': False, 'activation_checkpoint_interval': 0, 'pipe_partitioned': True, 'grad_partitioned': True}
[2026-01-28 13:44:11,545] [INFO] [config.py:1000:print]   pld_enabled .................. False
[2026-01-28 13:44:11,545] [INFO] [config.py:1000:print]   pld_params ................... False
[2026-01-28 13:44:11,545] [INFO] [config.py:1000:print]   prescale_gradients ........... False
[2026-01-28 13:44:11,545] [INFO] [config.py:1000:print]   scheduler_name ............... WarmupDecayLR
[2026-01-28 13:44:11,545] [INFO] [config.py:1000:print]   scheduler_params ............. {'total_num_steps': 500, 'warmup_min_lr': 0, 'warmup_max_lr': 0.0001, 'warmup_num_steps': 100, 'warmup_type': 'linear'}
[2026-01-28 13:44:11,545] [INFO] [config.py:1000:print]   seq_parallel_communication_data_type  torch.float32
[2026-01-28 13:44:11,545] [INFO] [config.py:1000:print]   sparse_attention ............. None
[2026-01-28 13:44:11,545] [INFO] [config.py:1000:print]   sparse_gradients_enabled ..... False
[2026-01-28 13:44:11,545] [INFO] [config.py:1000:print]   steps_per_print .............. 10
[2026-01-28 13:44:11,545] [INFO] [config.py:1000:print]   train_batch_size ............. 20
[2026-01-28 13:44:11,545] [INFO] [config.py:1000:print]   train_micro_batch_size_per_gpu  2
[2026-01-28 13:44:11,545] [INFO] [config.py:1000:print]   use_data_before_expert_parallel_  False
[2026-01-28 13:44:11,545] [INFO] [config.py:1000:print]   use_node_local_storage ....... False
[2026-01-28 13:44:11,545] [INFO] [config.py:1000:print]   wall_clock_breakdown ......... False
[2026-01-28 13:44:11,545] [INFO] [config.py:1000:print]   weight_quantization_config ... None
[2026-01-28 13:44:11,545] [INFO] [config.py:1000:print]   world_size ................... 1
[2026-01-28 13:44:11,545] [INFO] [config.py:1000:print]   zero_allow_untested_optimizer  False
[2026-01-28 13:44:11,545] [INFO] [config.py:1000:print]   zero_config .................. stage=2 contiguous_gradients=True reduce_scatter=True reduce_bucket_size=500000000 use_multi_rank_bucket_allreduce=True allgather_partitions=True allgather_bucket_size=500000000 overlap_comm=True load_from_fp32_weights=True elastic_checkpoint=False offload_param=None offload_optimizer=None sub_group_size=1,000,000,000 cpu_offload_param=None cpu_offload_use_pin_memory=None cpu_offload=None prefetch_bucket_size=50,000,000 param_persistence_threshold=100,000 model_persistence_threshold=sys.maxsize max_live_parameters=1,000,000,000 max_reuse_distance=1,000,000,000 gather_16bit_weights_on_model_save=False stage3_gather_fp16_weights_on_model_save=False ignore_unused_parameters=True legacy_stage1=False round_robin_gradients=False zero_hpz_partition_size=1 zero_quantized_weights=False zero_quantized_nontrainable_weights=False zero_quantized_gradients=False mics_shard_size=-1 mics_hierarchical_params_gather=False memory_efficient_linear=True pipeline_loading_checkpoint=False override_module_apply=True
[2026-01-28 13:44:11,545] [INFO] [config.py:1000:print]   zero_enabled ................. True
[2026-01-28 13:44:11,545] [INFO] [config.py:1000:print]   zero_force_ds_cpu_optimizer .. True
[2026-01-28 13:44:11,545] [INFO] [config.py:1000:print]   zero_optimization_stage ...... 2
[2026-01-28 13:44:11,545] [INFO] [config.py:986:print_user_config]   json = {
    "train_micro_batch_size_per_gpu": 2, 
    "gradient_accumulation_steps": 10, 
    "optimizer": {
        "type": "AdamW", 
        "params": {
            "lr": 0.0001, 
            "weight_decay": 0.0, 
            "betas": [0.9, 0.95]
        }
    }, 
    "scheduler": {
        "type": "WarmupDecayLR", 
        "params": {
            "total_num_steps": 500, 
            "warmup_min_lr": 0, 
            "warmup_max_lr": 0.0001, 
            "warmup_num_steps": 100, 
            "warmup_type": "linear"
        }
    }, 
    "fp16": {
        "enabled": true, 
        "loss_scale": 0, 
        "initial_scale_power": 12, 
        "loss_scale_window": 1000, 
        "min_loss_scale": 1, 
        "hysteresis": 2
    }, 
    "gradient_clipping": 1.0, 
    "bf16": {
        "enabled": false
    }, 
    "zero_optimization": {
        "stage": 2, 
        "contiguous_gradients": true, 
        "overlap_comm": true, 
        "reduce_scatter": true, 
        "reduce_bucket_size": 5.000000e+08, 
        "allgather_bucket_size": 5.000000e+08
    }
}

Rank 0 - Dataset statistics:
Class 0: 100 images
Class 1: 100 images
Class 2: 100 images

Training Configuration:
Total epochs: 5
Validation will be performed after epochs: [1, 3, 5, 7, 10]
Epoch: [0][  1/100]	Time 13.376 (13.376)	Loss 2.5713 (3.4218)	ClsLoss 0.9785 (1.0482)	MaskBCELoss 0.7964 (1.9780)	MaskDICELoss 0.7964 (1.9780)	MaskLoss 1.5928 (3.9560)
Epoch: [0][  2/100]	Time 10.274 (10.274)	Loss 2.3398 (2.5963)	ClsLoss 2.3398 (1.9047)	MaskBCELoss 1.2807 (1.7291)	MaskDICELoss 1.2807 (1.7291)	MaskLoss 2.5614 (3.4582)
Epoch: [0][  3/100]	Time 10.323 (10.323)	Loss 2.3145 (2.5106)	ClsLoss 2.3145 (1.4775)	MaskBCELoss 1.5054 (1.2913)	MaskDICELoss 1.5054 (1.2913)	MaskLoss 3.0108 (2.5826)
Epoch: [0][  4/100]	Time 10.317 (10.317)	Loss 2.2383 (2.7830)	ClsLoss 2.2383 (1.4921)	MaskBCELoss 2.9897 (1.6136)	MaskDICELoss 2.9897 (1.6136)	MaskLoss 5.9795 (3.2272)
Epoch: [0][  5/100]	Time 10.354 (10.354)	Loss 2.3535 (2.6264)	ClsLoss 2.3535 (1.4781)	MaskBCELoss 1.5173 (1.4353)	MaskDICELoss 1.5173 (1.4353)	MaskLoss 3.0346 (2.8707)
Epoch: [0][  6/100]	Time 10.324 (10.324)	Loss 2.9369 (2.4893)	ClsLoss 0.2334 (1.6653)	MaskBCELoss 1.3518 (1.3733)	MaskDICELoss 1.3518 (1.3733)	MaskLoss 2.7035 (2.7467)
Epoch: [0][  7/100]	Time 10.403 (10.403)	Loss 2.2031 (2.7520)	ClsLoss 2.2031 (1.4331)	MaskBCELoss 1.4630 (1.6486)	MaskDICELoss 1.4630 (1.6486)	MaskLoss 2.9260 (3.2972)
Epoch: [0][  8/100]	Time 10.376 (10.376)	Loss 3.5467 (2.4715)	ClsLoss 0.2612 (1.3901)	MaskBCELoss 1.6427 (1.3517)	MaskDICELoss 1.6427 (1.3517)	MaskLoss 3.2855 (2.7033)
Epoch: [0][  9/100]	Time 10.283 (10.283)	Loss 2.0469 (2.1976)	ClsLoss 2.0469 (1.9243)	MaskBCELoss 1.3669 (1.3669)	MaskDICELoss 1.3669 (1.3669)	MaskLoss 2.7337 (2.7337)
[2026-01-28 13:45:58,491] [INFO] [logging.py:96:log_dist] [Rank 0] step=10, skipped=0, lr=[9e-06], mom=[(0.9, 0.95)]
[2026-01-28 13:45:58,498] [INFO] [timer.py:260:stop] epoch=0/micro_step=100/global_step=10, RunningAvgSamplesPerSec=1.93970003220604, CurrSamplesPerSec=1.9237548826820465, MemAllocated=16.28GB, MaxMemAllocated=19.2GB
Epoch: [0][ 10/100]	Time 10.438 (10.438)	Loss 2.0117 (3.1521)	ClsLoss 2.0117 (1.1579)	MaskBCELoss 3.2836 (1.9942)	MaskDICELoss 3.2836 (1.9942)	MaskLoss 6.5673 (3.9883)
Epoch: [0][ 11/100]	Time 10.307 (10.307)	Loss 4.4760 (2.2323)	ClsLoss 0.3484 (1.5698)	MaskBCELoss 2.0638 (1.6563)	MaskDICELoss 2.0638 (1.6563)	MaskLoss 4.1277 (3.3126)
Epoch: [0][ 12/100]	Time 10.426 (10.426)	Loss 1.7637 (2.3432)	ClsLoss 1.7637 (1.2402)	MaskBCELoss 1.1706 (1.3787)	MaskDICELoss 1.1706 (1.3787)	MaskLoss 2.3411 (2.7574)
Epoch: [0][ 13/100]	Time 10.397 (10.397)	Loss 3.1382 (2.4274)	ClsLoss 0.4585 (1.1870)	MaskBCELoss 1.3398 (1.5505)	MaskDICELoss 1.3398 (1.5505)	MaskLoss 2.6797 (3.1011)
Epoch: [0][ 14/100]	Time 10.346 (10.346)	Loss 1.5781 (1.8776)	ClsLoss 1.5781 (1.3533)	MaskBCELoss 1.2746 (1.3106)	MaskDICELoss 1.2746 (1.3106)	MaskLoss 2.5493 (2.6213)
Epoch: [0][ 15/100]	Time 10.265 (10.265)	Loss 1.4521 (1.6401)	ClsLoss 1.4521 (1.3969)	MaskBCELoss 1.2163 (1.2163)	MaskDICELoss 1.2163 (1.2163)	MaskLoss 2.4327 (2.4327)
Epoch: [0][ 16/100]	Time 11.106 (11.106)	Loss 1.4043 (1.7822)	ClsLoss 1.4043 (1.2376)	MaskBCELoss 1.2982 (1.3616)	MaskDICELoss 1.2982 (1.3616)	MaskLoss 2.5965 (2.7232)
Epoch: [0][ 17/100]	Time 10.486 (10.486)	Loss 3.2421 (2.5586)	ClsLoss 0.8311 (0.9899)	MaskBCELoss 1.2055 (1.3073)	MaskDICELoss 1.2055 (1.3073)	MaskLoss 2.4111 (2.6146)
Epoch: [0][ 18/100]	Time 10.485 (10.485)	Loss 1.0742 (2.2642)	ClsLoss 1.0742 (1.0399)	MaskBCELoss 1.0722 (1.2243)	MaskDICELoss 1.0722 (1.2243)	MaskLoss 2.1444 (2.4486)
Epoch: [0][ 19/100]	Time 10.361 (10.361)	Loss 3.9149 (1.9598)	ClsLoss 1.0732 (1.1375)	MaskBCELoss 1.4208 (1.3705)	MaskDICELoss 1.4208 (1.3705)	MaskLoss 2.8417 (2.7410)
[2026-01-28 13:47:43,060] [INFO] [logging.py:96:log_dist] [Rank 0] step=20, skipped=0, lr=[1.9e-05], mom=[(0.9, 0.95)]
[2026-01-28 13:47:43,067] [INFO] [timer.py:260:stop] epoch=0/micro_step=200/global_step=20, RunningAvgSamplesPerSec=1.9369047567309579, CurrSamplesPerSec=1.9323084563579984, MemAllocated=16.29GB, MaxMemAllocated=19.2GB
Epoch: [0][ 20/100]	Time 10.391 (10.391)	Loss 1.1543 (1.7902)	ClsLoss 1.1543 (1.1306)	MaskBCELoss 1.2865 (1.0993)	MaskDICELoss 1.2865 (1.0993)	MaskLoss 2.5729 (2.1985)
Epoch: [0][ 21/100]	Time 10.371 (10.371)	Loss 3.1281 (1.7495)	ClsLoss 1.3281 (1.1035)	MaskBCELoss 0.9000 (1.0767)	MaskDICELoss 0.9000 (1.0767)	MaskLoss 1.8000 (2.1534)
Epoch: [0][ 22/100]	Time 10.347 (10.347)	Loss 1.0430 (1.6192)	ClsLoss 1.0430 (1.0507)	MaskBCELoss 1.3971 (1.4213)	MaskDICELoss 1.3971 (1.4213)	MaskLoss 2.7942 (2.8425)
Epoch: [0][ 23/100]	Time 10.451 (10.451)	Loss 3.7473 (2.4003)	ClsLoss 1.5352 (1.2245)	MaskBCELoss 1.1060 (1.1759)	MaskDICELoss 1.1060 (1.1759)	MaskLoss 2.2121 (2.3518)
Epoch: [0][ 24/100]	Time 10.346 (10.346)	Loss 3.4805 (1.4604)	ClsLoss 1.6250 (1.0397)	MaskBCELoss 0.9277 (1.0517)	MaskDICELoss 0.9277 (1.0517)	MaskLoss 1.8555 (2.1035)
Epoch: [0][ 25/100]	Time 10.428 (10.428)	Loss 0.8599 (2.0061)	ClsLoss 0.8599 (1.2020)	MaskBCELoss 1.0624 (1.0052)	MaskDICELoss 1.0624 (1.0052)	MaskLoss 2.1247 (2.0104)
Epoch: [0][ 26/100]	Time 10.401 (10.401)	Loss 3.6880 (2.0737)	ClsLoss 1.7207 (1.2528)	MaskBCELoss 0.9836 (1.0261)	MaskDICELoss 0.9836 (1.0261)	MaskLoss 1.9673 (2.0523)
Epoch: [0][ 27/100]	Time 10.345 (10.345)	Loss 4.1171 (1.6202)	ClsLoss 1.7227 (1.0534)	MaskBCELoss 1.1972 (1.4168)	MaskDICELoss 1.1972 (1.4168)	MaskLoss 2.3944 (2.8337)
Epoch: [0][ 28/100]	Time 10.389 (10.389)	Loss 4.1641 (1.7696)	ClsLoss 1.7109 (1.1089)	MaskBCELoss 1.2266 (1.1012)	MaskDICELoss 1.2266 (1.1012)	MaskLoss 2.4532 (2.2025)
Epoch: [0][ 29/100]	Time 10.393 (10.393)	Loss 0.9053 (1.9128)	ClsLoss 0.9053 (1.1262)	MaskBCELoss 1.4323 (1.3110)	MaskDICELoss 1.4323 (1.3110)	MaskLoss 2.8646 (2.6220)
[2026-01-28 13:49:26,898] [INFO] [logging.py:96:log_dist] [Rank 0] step=30, skipped=0, lr=[2.9e-05], mom=[(0.9, 0.95)]
[2026-01-28 13:49:26,905] [INFO] [timer.py:260:stop] epoch=0/micro_step=300/global_step=30, RunningAvgSamplesPerSec=1.9357846063309516, CurrSamplesPerSec=1.9370510950253514, MemAllocated=16.29GB, MaxMemAllocated=19.2GB
Epoch: [0][ 30/100]	Time 10.366 (10.366)	Loss 4.9433 (1.8223)	ClsLoss 1.6738 (1.1123)	MaskBCELoss 1.6347 (1.1834)	MaskDICELoss 1.6347 (1.1834)	MaskLoss 3.2695 (2.3668)
Epoch: [0][ 31/100]	Time 11.335 (11.335)	Loss 0.8516 (2.0859)	ClsLoss 0.8516 (1.1898)	MaskBCELoss 1.1359 (1.1200)	MaskDICELoss 1.1359 (1.1200)	MaskLoss 2.2718 (2.2401)
Epoch: [0][ 32/100]	Time 10.495 (10.495)	Loss 3.3448 (2.5808)	ClsLoss 1.5508 (1.2900)	MaskBCELoss 0.8970 (1.0757)	MaskDICELoss 0.8970 (1.0757)	MaskLoss 1.7940 (2.1514)
Epoch: [0][ 33/100]	Time 10.408 (10.408)	Loss 0.9858 (1.7495)	ClsLoss 0.9858 (1.0979)	MaskBCELoss 1.0513 (1.0860)	MaskDICELoss 1.0513 (1.0860)	MaskLoss 2.1027 (2.1720)
Epoch: [0][ 34/100]	Time 10.420 (10.420)	Loss 3.4432 (2.0228)	ClsLoss 1.2891 (1.1109)	MaskBCELoss 1.0771 (1.1398)	MaskDICELoss 1.0771 (1.1398)	MaskLoss 2.1541 (2.2797)
Epoch: [0][ 35/100]	Time 10.509 (10.509)	Loss 1.0625 (2.0979)	ClsLoss 1.0625 (1.0891)	MaskBCELoss 1.1186 (1.0088)	MaskDICELoss 1.1186 (1.0088)	MaskLoss 2.2372 (2.0177)
Epoch: [0][ 36/100]	Time 10.350 (10.350)	Loss 1.0859 (1.5168)	ClsLoss 1.0859 (1.0945)	MaskBCELoss 0.6719 (1.0556)	MaskDICELoss 0.6719 (1.0556)	MaskLoss 1.3438 (2.1113)
Epoch: [0][ 37/100]	Time 10.429 (10.429)	Loss 1.2344 (2.0080)	ClsLoss 1.2344 (1.0824)	MaskBCELoss 0.9681 (1.1570)	MaskDICELoss 0.9681 (1.1570)	MaskLoss 1.9361 (2.3139)
Epoch: [0][ 38/100]	Time 10.336 (10.336)	Loss 1.3066 (1.5155)	ClsLoss 1.3066 (1.2222)	MaskBCELoss 1.4667 (1.4667)	MaskDICELoss 1.4667 (1.4667)	MaskLoss 2.9335 (2.9335)
Epoch: [0][ 39/100]	Time 10.502 (10.502)	Loss 1.2480 (1.8548)	ClsLoss 1.2480 (1.0287)	MaskBCELoss 1.1522 (0.8262)	MaskDICELoss 1.1522 (0.8262)	MaskLoss 2.3044 (1.6524)
[2026-01-28 13:51:12,066] [INFO] [logging.py:96:log_dist] [Rank 0] step=40, skipped=0, lr=[3.9000000000000006e-05], mom=[(0.9, 0.95)]
[2026-01-28 13:51:12,073] [INFO] [timer.py:260:stop] epoch=0/micro_step=400/global_step=40, RunningAvgSamplesPerSec=1.9329196917144265, CurrSamplesPerSec=1.9341676243806984, MemAllocated=16.29GB, MaxMemAllocated=19.2GB
Epoch: [0][ 40/100]	Time 10.382 (10.382)	Loss 1.3008 (1.5423)	ClsLoss 1.3008 (1.1713)	MaskBCELoss 1.2688 (0.9274)	MaskDICELoss 1.2688 (0.9274)	MaskLoss 2.5375 (1.8548)
Epoch: [0][ 41/100]	Time 10.392 (10.392)	Loss 3.1047 (1.7172)	ClsLoss 0.8760 (1.1222)	MaskBCELoss 1.1144 (0.9917)	MaskDICELoss 1.1144 (0.9917)	MaskLoss 2.2288 (1.9834)
Epoch: [0][ 42/100]	Time 10.384 (10.384)	Loss 1.3184 (1.7692)	ClsLoss 1.3184 (1.1050)	MaskBCELoss 2.1804 (1.6603)	MaskDICELoss 2.1804 (1.6603)	MaskLoss 4.3609 (3.3207)
Epoch: [0][ 43/100]	Time 10.364 (10.364)	Loss 1.0098 (1.6533)	ClsLoss 1.0098 (1.1055)	MaskBCELoss 0.8975 (1.3696)	MaskDICELoss 0.8975 (1.3696)	MaskLoss 1.7950 (2.7391)
Epoch: [0][ 44/100]	Time 10.404 (10.404)	Loss 1.0889 (1.7129)	ClsLoss 1.0889 (1.0646)	MaskBCELoss 1.2974 (1.0804)	MaskDICELoss 1.2974 (1.0804)	MaskLoss 2.5949 (2.1608)
Epoch: [0][ 45/100]	Time 10.419 (10.419)	Loss 0.9302 (2.1422)	ClsLoss 0.9302 (1.0999)	MaskBCELoss 0.7657 (1.3029)	MaskDICELoss 0.7657 (1.3029)	MaskLoss 1.5314 (2.6059)
Epoch: [0][ 46/100]	Time 11.260 (11.260)	Loss 3.2378 (1.8693)	ClsLoss 1.3750 (1.1037)	MaskBCELoss 0.9314 (0.9571)	MaskDICELoss 0.9314 (0.9571)	MaskLoss 1.8628 (1.9141)
Epoch: [0][ 47/100]	Time 10.361 (10.361)	Loss 1.0508 (1.3321)	ClsLoss 1.0508 (1.0570)	MaskBCELoss 0.3455 (0.6876)	MaskDICELoss 0.3455 (0.6876)	MaskLoss 0.6910 (1.3752)
Epoch: [0][ 48/100]	Time 10.258 (10.258)	Loss 0.9922 (0.9863)	ClsLoss 0.9922 (0.9863)	MaskBCELoss 0.0000 (0.0000)	MaskDICELoss 0.0000 (0.0000)	MaskLoss 0.0000 (0.0000)
Epoch: [0][ 49/100]	Time 10.468 (10.468)	Loss 3.1929 (1.9397)	ClsLoss 1.6074 (1.2423)	MaskBCELoss 0.7927 (0.6974)	MaskDICELoss 0.7927 (0.6974)	MaskLoss 1.5855 (1.3949)
[2026-01-28 13:52:56,740] [INFO] [logging.py:96:log_dist] [Rank 0] step=50, skipped=0, lr=[4.9e-05], mom=[(0.9, 0.95)]
[2026-01-28 13:52:56,747] [INFO] [timer.py:260:stop] epoch=0/micro_step=500/global_step=50, RunningAvgSamplesPerSec=1.9330197547377526, CurrSamplesPerSec=1.937085492479836, MemAllocated=16.29GB, MaxMemAllocated=19.2GB
Epoch: [0][ 50/100]	Time 10.366 (10.366)	Loss 0.7666 (1.4289)	ClsLoss 0.7666 (1.0012)	MaskBCELoss 0.7659 (1.0692)	MaskDICELoss 0.7659 (1.0692)	MaskLoss 1.5318 (2.1384)
Epoch: [0][ 51/100]	Time 10.440 (10.440)	Loss 0.9829 (1.8947)	ClsLoss 0.9829 (1.1410)	MaskBCELoss 0.6219 (0.9422)	MaskDICELoss 0.6219 (0.9422)	MaskLoss 1.2437 (1.8844)
Epoch: [0][ 52/100]	Time 10.384 (10.384)	Loss 3.9867 (1.8485)	ClsLoss 1.6729 (1.1601)	MaskBCELoss 1.1569 (1.1474)	MaskDICELoss 1.1569 (1.1474)	MaskLoss 2.3139 (2.2948)
Epoch: [0][ 53/100]	Time 10.400 (10.400)	Loss 0.5664 (1.7132)	ClsLoss 0.5664 (1.0413)	MaskBCELoss 1.0918 (1.1199)	MaskDICELoss 1.0918 (1.1199)	MaskLoss 2.1836 (2.2399)
Epoch: [0][ 54/100]	Time 10.382 (10.382)	Loss 4.8801 (1.8711)	ClsLoss 1.5078 (1.1305)	MaskBCELoss 1.6862 (1.2344)	MaskDICELoss 1.6862 (1.2344)	MaskLoss 3.3723 (2.4687)
Epoch: [0][ 55/100]	Time 10.433 (10.433)	Loss 2.8953 (1.9925)	ClsLoss 1.3604 (1.1270)	MaskBCELoss 0.7675 (1.0819)	MaskDICELoss 0.7675 (1.0819)	MaskLoss 1.5349 (2.1638)
Epoch: [0][ 56/100]	Time 10.501 (10.501)	Loss 1.1465 (2.1056)	ClsLoss 1.1465 (1.1150)	MaskBCELoss 1.3980 (0.9906)	MaskDICELoss 1.3980 (0.9906)	MaskLoss 2.7959 (1.9812)
Epoch: [0][ 57/100]	Time 10.429 (10.429)	Loss 3.2660 (1.9156)	ClsLoss 1.1270 (1.0190)	MaskBCELoss 1.0695 (1.1207)	MaskDICELoss 1.0695 (1.1207)	MaskLoss 2.1390 (2.2414)
Epoch: [0][ 58/100]	Time 10.500 (10.500)	Loss 1.0840 (1.9129)	ClsLoss 1.0840 (0.9750)	MaskBCELoss 0.9598 (0.9379)	MaskDICELoss 0.9598 (0.9379)	MaskLoss 1.9197 (1.8758)
Epoch: [0][ 59/100]	Time 10.435 (10.435)	Loss 1.2949 (1.9054)	ClsLoss 1.2949 (1.0664)	MaskBCELoss 0.9823 (1.0487)	MaskDICELoss 0.9823 (1.0487)	MaskLoss 1.9646 (2.0974)
[2026-01-28 13:54:40,960] [INFO] [logging.py:96:log_dist] [Rank 0] step=60, skipped=0, lr=[5.9e-05], mom=[(0.9, 0.95)]
[2026-01-28 13:54:40,967] [INFO] [timer.py:260:stop] epoch=0/micro_step=600/global_step=60, RunningAvgSamplesPerSec=1.9319334931742624, CurrSamplesPerSec=1.9466109402651421, MemAllocated=16.29GB, MaxMemAllocated=19.2GB
Epoch: [0][ 60/100]	Time 10.316 (10.316)	Loss 3.0135 (1.5257)	ClsLoss 0.6621 (1.1729)	MaskBCELoss 1.1757 (0.8821)	MaskDICELoss 1.1757 (0.8821)	MaskLoss 2.3513 (1.7643)
Epoch: [0][ 61/100]	Time 11.293 (11.293)	Loss 1.5020 (2.0068)	ClsLoss 1.5020 (1.1599)	MaskBCELoss 0.9300 (1.0586)	MaskDICELoss 0.9300 (1.0586)	MaskLoss 1.8600 (2.1173)
Epoch: [0][ 62/100]	Time 10.395 (10.395)	Loss 2.1685 (1.5326)	ClsLoss 0.6494 (1.0151)	MaskBCELoss 0.7595 (0.8626)	MaskDICELoss 0.7595 (0.8626)	MaskLoss 1.5191 (1.7252)
Epoch: [0][ 63/100]	Time 10.492 (10.492)	Loss 2.3482 (1.7018)	ClsLoss 0.6646 (0.8835)	MaskBCELoss 0.8418 (0.8183)	MaskDICELoss 0.8418 (0.8183)	MaskLoss 1.6836 (1.6365)
Epoch: [0][ 64/100]	Time 10.319 (10.319)	Loss 0.8989 (1.2240)	ClsLoss 0.8989 (1.1318)	MaskBCELoss 0.4611 (0.4611)	MaskDICELoss 0.4611 (0.4611)	MaskLoss 0.9221 (0.9221)
Epoch: [0][ 65/100]	Time 10.423 (10.423)	Loss 3.2490 (2.2044)	ClsLoss 0.8301 (1.1053)	MaskBCELoss 1.2095 (1.3740)	MaskDICELoss 1.2095 (1.3740)	MaskLoss 2.4189 (2.7479)
Epoch: [0][ 66/100]	Time 10.373 (10.373)	Loss 0.6167 (1.2998)	ClsLoss 0.6167 (0.8134)	MaskBCELoss 1.3841 (1.2160)	MaskDICELoss 1.3841 (1.2160)	MaskLoss 2.7682 (2.4321)
Epoch: [0][ 67/100]	Time 10.485 (10.485)	Loss 1.4961 (2.0254)	ClsLoss 1.4961 (1.0853)	MaskBCELoss 1.1577 (0.9401)	MaskDICELoss 1.1577 (0.9401)	MaskLoss 2.3154 (1.8802)
Epoch: [0][ 68/100]	Time 10.303 (10.303)	Loss 2.5404 (1.1945)	ClsLoss 1.2422 (1.0647)	MaskBCELoss 0.6491 (0.6491)	MaskDICELoss 0.6491 (0.6491)	MaskLoss 1.2982 (1.2982)
Epoch: [0][ 69/100]	Time 10.485 (10.485)	Loss 5.9309 (2.5360)	ClsLoss 1.6055 (1.3800)	MaskBCELoss 2.1627 (1.1560)	MaskDICELoss 2.1627 (1.1560)	MaskLoss 4.3254 (2.3120)
[2026-01-28 13:56:25,977] [INFO] [logging.py:96:log_dist] [Rank 0] step=70, skipped=0, lr=[6.9e-05], mom=[(0.9, 0.95)]
[2026-01-28 13:56:25,985] [INFO] [timer.py:260:stop] epoch=0/micro_step=700/global_step=70, RunningAvgSamplesPerSec=1.9312594705146713, CurrSamplesPerSec=1.9216869447444858, MemAllocated=16.29GB, MaxMemAllocated=19.2GB
Epoch: [0][ 70/100]	Time 10.449 (10.449)	Loss 0.4624 (1.7422)	ClsLoss 0.4624 (1.1411)	MaskBCELoss 0.7153 (0.7514)	MaskDICELoss 0.7153 (0.7514)	MaskLoss 1.4307 (1.5028)
Epoch: [0][ 71/100]	Time 10.394 (10.394)	Loss 0.9854 (1.4189)	ClsLoss 0.9854 (1.0161)	MaskBCELoss 0.2838 (0.6713)	MaskDICELoss 0.2838 (0.6713)	MaskLoss 0.5677 (1.3426)
Epoch: [0][ 72/100]	Time 10.362 (10.362)	Loss 0.7705 (1.3534)	ClsLoss 0.7705 (1.0214)	MaskBCELoss 0.7177 (0.8301)	MaskDICELoss 0.7177 (0.8301)	MaskLoss 1.4355 (1.6602)
Epoch: [0][ 73/100]	Time 10.385 (10.385)	Loss 3.1229 (1.5331)	ClsLoss 1.2891 (0.9695)	MaskBCELoss 0.9169 (0.9393)	MaskDICELoss 0.9169 (0.9393)	MaskLoss 1.8339 (1.8786)
Epoch: [0][ 74/100]	Time 10.487 (10.487)	Loss 2.9775 (2.0020)	ClsLoss 1.1855 (1.0226)	MaskBCELoss 0.8960 (0.9794)	MaskDICELoss 0.8960 (0.9794)	MaskLoss 1.7920 (1.9587)
Epoch: [0][ 75/100]	Time 10.391 (10.391)	Loss 3.5715 (1.8481)	ClsLoss 1.1260 (1.2941)	MaskBCELoss 1.2228 (0.9233)	MaskDICELoss 1.2228 (0.9233)	MaskLoss 2.4455 (1.8466)
Epoch: [0][ 76/100]	Time 11.244 (11.244)	Loss 2.7858 (1.2810)	ClsLoss 1.2148 (0.9976)	MaskBCELoss 0.7855 (0.7086)	MaskDICELoss 0.7855 (0.7086)	MaskLoss 1.5710 (1.4172)
Epoch: [0][ 77/100]	Time 10.329 (10.329)	Loss 0.5576 (1.0289)	ClsLoss 0.5576 (0.9589)	MaskBCELoss 0.3500 (0.3500)	MaskDICELoss 0.3500 (0.3500)	MaskLoss 0.7001 (0.7001)
Epoch: [0][ 78/100]	Time 10.451 (10.451)	Loss 1.3789 (1.7500)	ClsLoss 1.3789 (1.1048)	MaskBCELoss 1.4677 (0.8064)	MaskDICELoss 1.4677 (0.8064)	MaskLoss 2.9355 (1.6128)
Epoch: [0][ 79/100]	Time 10.394 (10.394)	Loss 0.6279 (1.6799)	ClsLoss 0.6279 (1.0872)	MaskBCELoss 1.1785 (0.9878)	MaskDICELoss 1.1785 (0.9878)	MaskLoss 2.3570 (1.9756)
[2026-01-28 13:58:10,924] [INFO] [logging.py:96:log_dist] [Rank 0] step=80, skipped=0, lr=[7.900000000000001e-05], mom=[(0.9, 0.95)]
[2026-01-28 13:58:10,932] [INFO] [timer.py:260:stop] epoch=0/micro_step=800/global_step=80, RunningAvgSamplesPerSec=1.930979715440587, CurrSamplesPerSec=1.9106143721949138, MemAllocated=16.29GB, MaxMemAllocated=19.2GB
Epoch: [0][ 80/100]	Time 10.510 (10.510)	Loss 0.8394 (2.2245)	ClsLoss 0.8394 (1.0745)	MaskBCELoss 0.6565 (0.9583)	MaskDICELoss 0.6565 (0.9583)	MaskLoss 1.3131 (1.9166)
Epoch: [0][ 81/100]	Time 10.357 (10.357)	Loss 0.6836 (1.3061)	ClsLoss 0.6836 (0.9281)	MaskBCELoss 0.7330 (0.9449)	MaskDICELoss 0.7330 (0.9449)	MaskLoss 1.4659 (1.8898)
Epoch: [0][ 82/100]	Time 10.450 (10.450)	Loss 0.9756 (1.8605)	ClsLoss 0.9756 (1.0583)	MaskBCELoss 0.5354 (1.0028)	MaskDICELoss 0.5354 (1.0028)	MaskLoss 1.0707 (2.0055)
Epoch: [0][ 83/100]	Time 10.387 (10.387)	Loss 4.7382 (1.7765)	ClsLoss 1.3066 (1.0784)	MaskBCELoss 1.7158 (1.1634)	MaskDICELoss 1.7158 (1.1634)	MaskLoss 3.4316 (2.3269)
Epoch: [0][ 84/100]	Time 10.486 (10.486)	Loss 1.0605 (1.6581)	ClsLoss 1.0605 (0.9438)	MaskBCELoss 0.5084 (0.7143)	MaskDICELoss 0.5084 (0.7143)	MaskLoss 1.0169 (1.4286)
Epoch: [0][ 85/100]	Time 10.464 (10.464)	Loss 2.5438 (1.7240)	ClsLoss 1.1748 (0.9724)	MaskBCELoss 0.6845 (0.7516)	MaskDICELoss 0.6845 (0.7516)	MaskLoss 1.3690 (1.5032)
Epoch: [0][ 86/100]	Time 10.358 (10.358)	Loss 1.8122 (1.1828)	ClsLoss 0.8516 (0.8494)	MaskBCELoss 0.4803 (0.8336)	MaskDICELoss 0.4803 (0.8336)	MaskLoss 0.9606 (1.6673)
Epoch: [0][ 87/100]	Time 10.486 (10.486)	Loss 1.2090 (1.4500)	ClsLoss 1.2090 (0.9100)	MaskBCELoss 0.3984 (0.5401)	MaskDICELoss 0.3984 (0.5401)	MaskLoss 0.7969 (1.0802)
Epoch: [0][ 88/100]	Time 10.345 (10.345)	Loss 2.1216 (1.4009)	ClsLoss 0.8691 (0.9379)	MaskBCELoss 0.6262 (1.1574)	MaskDICELoss 0.6262 (1.1574)	MaskLoss 1.2524 (2.3148)
Epoch: [0][ 89/100]	Time 10.380 (10.380)	Loss 1.2236 (1.6881)	ClsLoss 1.2236 (1.0830)	MaskBCELoss 1.4634 (1.5127)	MaskDICELoss 1.4634 (1.5127)	MaskLoss 2.9269 (3.0254)
[2026-01-28 13:59:55,075] [INFO] [logging.py:96:log_dist] [Rank 0] step=90, skipped=0, lr=[8.900000000000001e-05], mom=[(0.9, 0.95)]
[2026-01-28 13:59:55,082] [INFO] [timer.py:260:stop] epoch=0/micro_step=900/global_step=90, RunningAvgSamplesPerSec=1.9306333923197092, CurrSamplesPerSec=1.9239786278623014, MemAllocated=16.29GB, MaxMemAllocated=19.2GB
Epoch: [0][ 90/100]	Time 10.436 (10.436)	Loss 1.3994 (1.7543)	ClsLoss 1.3994 (0.9715)	MaskBCELoss 0.9758 (0.9785)	MaskDICELoss 0.9758 (0.9785)	MaskLoss 1.9516 (1.9571)
Epoch: [0][ 91/100]	Time 11.193 (11.193)	Loss 0.8091 (0.9761)	ClsLoss 0.8091 (0.9391)	MaskBCELoss 0.1853 (0.1853)	MaskDICELoss 0.1853 (0.1853)	MaskLoss 0.3705 (0.3705)
Epoch: [0][ 92/100]	Time 10.270 (10.270)	Loss 0.8965 (0.8408)	ClsLoss 0.8965 (0.8408)	MaskBCELoss 0.0000 (0.0000)	MaskDICELoss 0.0000 (0.0000)	MaskLoss 0.0000 (0.0000)
Epoch: [0][ 93/100]	Time 10.363 (10.363)	Loss 0.4761 (1.0035)	ClsLoss 0.4761 (0.7537)	MaskBCELoss 0.7165 (0.6244)	MaskDICELoss 0.7165 (0.6244)	MaskLoss 1.4330 (1.2489)
Epoch: [0][ 94/100]	Time 10.480 (10.480)	Loss 0.2062 (2.1386)	ClsLoss 0.2062 (1.2553)	MaskBCELoss 1.0789 (0.8833)	MaskDICELoss 1.0789 (0.8833)	MaskLoss 2.1578 (1.7666)
Epoch: [0][ 95/100]	Time 10.482 (10.482)	Loss 3.7025 (2.1568)	ClsLoss 2.0664 (1.2947)	MaskBCELoss 0.8180 (0.8621)	MaskDICELoss 0.8180 (0.8621)	MaskLoss 1.6361 (1.7242)
Epoch: [0][ 96/100]	Time 10.409 (10.409)	Loss 0.1888 (1.5198)	ClsLoss 0.1888 (0.9499)	MaskBCELoss 1.1215 (0.9499)	MaskDICELoss 1.1215 (0.9499)	MaskLoss 2.2431 (1.8998)
Epoch: [0][ 97/100]	Time 10.474 (10.474)	Loss 4.5341 (2.2042)	ClsLoss 2.2520 (1.3059)	MaskBCELoss 1.1411 (0.8984)	MaskDICELoss 1.1411 (0.8984)	MaskLoss 2.2822 (1.7967)
Epoch: [0][ 98/100]	Time 10.481 (10.481)	Loss 4.1204 (2.1782)	ClsLoss 1.7246 (1.2050)	MaskBCELoss 1.1979 (0.9732)	MaskDICELoss 1.1979 (0.9732)	MaskLoss 2.3958 (1.9464)
Epoch: [0][ 99/100]	Time 10.407 (10.407)	Loss 0.7417 (1.2001)	ClsLoss 0.7417 (0.8168)	MaskBCELoss 0.9582 (0.6388)	MaskDICELoss 0.9582 (0.6388)	MaskLoss 1.9164 (1.2776)
[2026-01-28 14:01:39,999] [INFO] [logging.py:96:log_dist] [Rank 0] step=100, skipped=0, lr=[9.900000000000001e-05], mom=[(0.9, 0.95)]
[2026-01-28 14:01:40,006] [INFO] [timer.py:260:stop] epoch=0/micro_step=1000/global_step=100, RunningAvgSamplesPerSec=1.9305197107338954, CurrSamplesPerSec=1.9374413921997213, MemAllocated=16.29GB, MaxMemAllocated=19.2GB
Epoch: [0][100/100]	Time 10.364 (10.364)	Loss 0.4297 (1.1000)	ClsLoss 0.4297 (0.7768)	MaskBCELoss 0.7888 (0.8080)	MaskDICELoss 0.7888 (0.8080)	MaskLoss 1.5777 (1.6160)

Performing validation after epoch 1

First validation batch details:
image_paths length: 1
images shape: torch.Size([1, 3, 1024, 1024])
images_clip shape: torch.Size([1, 3, 224, 224])
input_ids shape: torch.Size([1, 84])
cls_labels shape: torch.Size([1])
labels shape: torch.Size([1, 84])
attention_masks shape: torch.Size([1, 84])
masks_list length: 1
cls_labels_list length: 1
label_list length: 1
resize_list length: 1
offset shape: torch.Size([2])
questions_list length: 1
sampled_classes_list length: 1
conversation_list length: 1

Processing first batch:
Input dict keys: dict_keys(['image_paths', 'images', 'images_clip', 'input_ids', 'cls_labels', 'labels', 'attention_masks', 'masks_list', 'cls_labels_list', 'label_list', 'resize_list', 'offset', 'questions_list', 'sampled_classes_list', 'inference', 'conversation_list'])

Full Validation Results:
giou: 0.4406, ciou: 0.4961
Classification Accuracy: 57.3333%
Pixel Accuracy: 49.6148%
IoU: 0.4961
F1 Score: 0.5320
Approximate AUC: 0.2506
Total correct classifications: 172
Total classification samples: 300

Per-Class Metrics:

Real:
  Accuracy:  0.9900
  Precision: 0.4626
  Recall:    0.9900
  F1 Score:  0.6306

Full Synthetic:
  Accuracy:  0.7300
  Precision: 0.8488
  Recall:    0.7300
  F1 Score:  0.7849

Tampered:
  Accuracy:  0.0000
  Precision: 0.0000
  Recall:    0.0000
  F1 Score:  0.0000

Confusion Matrix:
Predicted 
Actual 
                            RealFull Synthetic    Tampered
Real                          99           1           0
Full Synthetic                27          73           0
Tampered                      88          12           0
Current accuracy: 57.33%, Best accuracy: 57.33%
Current iou: 0.00%, Best score: 0.44%
[2026-01-28 14:03:16,155] [INFO] [logging.py:96:log_dist] [Rank 0] [Torch] Checkpoint global_step100 is about to be saved!
[2026-01-28 14:03:25,520] [INFO] [logging.py:96:log_dist] [Rank 0] Saving model checkpoint: ./runs/SIDA-7B/ckpt_model/global_step100/mp_rank_00_model_states.pt
[2026-01-28 14:03:25,520] [INFO] [torch_checkpoint_engine.py:21:save] [Torch] Saving ./runs/SIDA-7B/ckpt_model/global_step100/mp_rank_00_model_states.pt...
[2026-01-28 14:04:50,476] [INFO] [torch_checkpoint_engine.py:23:save] [Torch] Saved ./runs/SIDA-7B/ckpt_model/global_step100/mp_rank_00_model_states.pt.
[2026-01-28 14:04:50,992] [INFO] [torch_checkpoint_engine.py:21:save] [Torch] Saving ./runs/SIDA-7B/ckpt_model/global_step100/zero_pp_rank_0_mp_rank_00_optim_states.pt...
[2026-01-28 14:04:54,082] [INFO] [torch_checkpoint_engine.py:23:save] [Torch] Saved ./runs/SIDA-7B/ckpt_model/global_step100/zero_pp_rank_0_mp_rank_00_optim_states.pt.
[2026-01-28 14:04:54,116] [INFO] [engine.py:3488:_save_zero_checkpoint] zero checkpoint saved ./runs/SIDA-7B/ckpt_model/global_step100/zero_pp_rank_0_mp_rank_00_optim_states.pt
[2026-01-28 14:04:54,116] [INFO] [torch_checkpoint_engine.py:33:commit] [Torch] Checkpoint global_step100 is ready now!
Epoch: [1][  1/100]	Time 10.301 (10.301)	Loss 2.8325 (1.4901)	ClsLoss 1.0830 (0.8381)	MaskBCELoss 0.8747 (0.6520)	MaskDICELoss 0.8747 (0.6520)	MaskLoss 1.7495 (1.3039)
Epoch: [1][  2/100]	Time 10.312 (10.312)	Loss 2.2758 (1.7354)	ClsLoss 1.0664 (0.9631)	MaskBCELoss 0.6047 (0.7723)	MaskDICELoss 0.6047 (0.7723)	MaskLoss 1.2094 (1.5446)
Epoch: [1][  3/100]	Time 10.377 (10.377)	Loss 0.6528 (1.5770)	ClsLoss 0.6528 (0.7875)	MaskBCELoss 0.4201 (0.7895)	MaskDICELoss 0.4201 (0.7895)	MaskLoss 0.8403 (1.5789)
Epoch: [1][  4/100]	Time 10.308 (10.308)	Loss 0.8174 (1.9212)	ClsLoss 0.8174 (1.0548)	MaskBCELoss 1.0658 (1.4439)	MaskDICELoss 1.0658 (1.4439)	MaskLoss 2.1317 (2.8877)
Epoch: [1][  5/100]	Time 10.205 (10.205)	Loss 0.9854 (1.7683)	ClsLoss 0.9854 (1.4575)	MaskBCELoss 1.5537 (1.5537)	MaskDICELoss 1.5537 (1.5537)	MaskLoss 3.1075 (3.1075)
Epoch: [1][  6/100]	Time 11.338 (11.338)	Loss 1.2998 (1.4883)	ClsLoss 0.4702 (0.8481)	MaskBCELoss 0.4148 (0.6402)	MaskDICELoss 0.4148 (0.6402)	MaskLoss 0.8296 (1.2803)
Epoch: [1][  7/100]	Time 10.570 (10.570)	Loss 1.5654 (1.6724)	ClsLoss 1.5654 (0.8420)	MaskBCELoss 0.8688 (0.6920)	MaskDICELoss 0.8688 (0.6920)	MaskLoss 1.7375 (1.3840)
Epoch: [1][  8/100]	Time 10.380 (10.380)	Loss 0.5488 (1.2149)	ClsLoss 0.5488 (0.8170)	MaskBCELoss 1.0290 (0.9947)	MaskDICELoss 1.0290 (0.9947)	MaskLoss 2.0580 (1.9894)
Epoch: [1][  9/100]	Time 10.337 (10.337)	Loss 2.4579 (1.1937)	ClsLoss 0.8623 (0.8917)	MaskBCELoss 0.7978 (0.7552)	MaskDICELoss 0.7978 (0.7552)	MaskLoss 1.5956 (1.5104)
[2026-01-28 14:06:38,683] [INFO] [logging.py:96:log_dist] [Rank 0] step=110, skipped=0, lr=[9.775e-05], mom=[(0.9, 0.95)]
[2026-01-28 14:06:38,691] [INFO] [timer.py:260:stop] epoch=0/micro_step=1100/global_step=110, RunningAvgSamplesPerSec=1.9310425805026434, CurrSamplesPerSec=1.9241674685170367, MemAllocated=16.29GB, MaxMemAllocated=19.2GB
Epoch: [1][ 10/100]	Time 10.436 (10.436)	Loss 0.1343 (1.7123)	ClsLoss 0.1343 (0.9081)	MaskBCELoss 0.6511 (1.0053)	MaskDICELoss 0.6511 (1.0053)	MaskLoss 1.3022 (2.0107)
Epoch: [1][ 11/100]	Time 10.449 (10.449)	Loss 0.6279 (1.5724)	ClsLoss 0.6279 (0.9204)	MaskBCELoss 0.7812 (0.8149)	MaskDICELoss 0.7812 (0.8149)	MaskLoss 1.5623 (1.6299)
Epoch: [1][ 12/100]	Time 10.532 (10.532)	Loss 1.4219 (1.4969)	ClsLoss 1.4219 (0.8316)	MaskBCELoss 0.7038 (0.6653)	MaskDICELoss 0.7038 (0.6653)	MaskLoss 1.4075 (1.3306)
Epoch: [1][ 13/100]	Time 10.509 (10.509)	Loss 0.3662 (0.9584)	ClsLoss 0.3662 (0.6293)	MaskBCELoss 0.6957 (0.4114)	MaskDICELoss 0.6957 (0.4114)	MaskLoss 1.3913 (0.8227)
Epoch: [1][ 14/100]	Time 10.368 (10.368)	Loss 0.4067 (0.9006)	ClsLoss 0.4067 (0.6687)	MaskBCELoss 1.1594 (1.1594)	MaskDICELoss 1.1594 (1.1594)	MaskLoss 2.3188 (2.3188)
Epoch: [1][ 15/100]	Time 10.403 (10.403)	Loss 3.5719 (1.2212)	ClsLoss 0.9297 (0.5482)	MaskBCELoss 1.3211 (1.1217)	MaskDICELoss 1.3211 (1.1217)	MaskLoss 2.6422 (2.2433)
Epoch: [1][ 16/100]	Time 10.390 (10.390)	Loss 3.6563 (1.5772)	ClsLoss 1.3047 (0.8926)	MaskBCELoss 1.1758 (1.1410)	MaskDICELoss 1.1758 (1.1410)	MaskLoss 2.3516 (2.2820)
Epoch: [1][ 17/100]	Time 10.358 (10.358)	Loss 0.2842 (1.1180)	ClsLoss 0.2842 (0.7218)	MaskBCELoss 0.5872 (0.9905)	MaskDICELoss 0.5872 (0.9905)	MaskLoss 1.1745 (1.9810)
Epoch: [1][ 18/100]	Time 10.364 (10.364)	Loss 0.5259 (1.2814)	ClsLoss 0.5259 (0.9305)	MaskBCELoss 1.0170 (0.8773)	MaskDICELoss 1.0170 (0.8773)	MaskLoss 2.0339 (1.7547)
Epoch: [1][ 19/100]	Time 10.512 (10.512)	Loss 3.2476 (1.5673)	ClsLoss 1.4678 (0.8708)	MaskBCELoss 0.8899 (0.5804)	MaskDICELoss 0.8899 (0.5804)	MaskLoss 1.7799 (1.1608)
[2026-01-28 14:08:22,872] [INFO] [logging.py:96:log_dist] [Rank 0] step=120, skipped=0, lr=[9.525000000000001e-05], mom=[(0.9, 0.95)]
[2026-01-28 14:08:22,879] [INFO] [timer.py:260:stop] epoch=0/micro_step=1200/global_step=120, RunningAvgSamplesPerSec=1.9307208655038208, CurrSamplesPerSec=1.9488016656075027, MemAllocated=16.29GB, MaxMemAllocated=19.2GB
Epoch: [1][ 20/100]	Time 10.304 (10.304)	Loss 0.1643 (0.6188)	ClsLoss 0.1643 (0.4797)	MaskBCELoss 0.6956 (0.6956)	MaskDICELoss 0.6956 (0.6956)	MaskLoss 1.3913 (1.3913)
Epoch: [1][ 21/100]	Time 11.407 (11.407)	Loss 3.0177 (1.6120)	ClsLoss 0.9946 (0.6503)	MaskBCELoss 1.0115 (0.8014)	MaskDICELoss 1.0115 (0.8014)	MaskLoss 2.0231 (1.6028)
Epoch: [1][ 22/100]	Time 10.415 (10.415)	Loss 2.4013 (0.8798)	ClsLoss 1.4746 (0.5803)	MaskBCELoss 0.4634 (0.4992)	MaskDICELoss 0.4634 (0.4992)	MaskLoss 0.9267 (0.9984)
Epoch: [1][ 23/100]	Time 10.530 (10.530)	Loss 0.2393 (1.1098)	ClsLoss 0.2393 (0.7226)	MaskBCELoss 0.2565 (0.3872)	MaskDICELoss 0.2565 (0.3872)	MaskLoss 0.5131 (0.7744)
Epoch: [1][ 24/100]	Time 10.409 (10.409)	Loss 1.8457 (1.0287)	ClsLoss 1.8457 (0.7317)	MaskBCELoss 0.1185 (0.4949)	MaskDICELoss 0.1185 (0.4949)	MaskLoss 0.2370 (0.9899)
Epoch: [1][ 25/100]	Time 10.413 (10.413)	Loss 0.1129 (0.9024)	ClsLoss 0.1129 (0.5257)	MaskBCELoss 1.0612 (0.6279)	MaskDICELoss 1.0612 (0.6279)	MaskLoss 2.1223 (1.2558)
Epoch: [1][ 26/100]	Time 10.450 (10.450)	Loss 1.2109 (1.3090)	ClsLoss 1.2109 (0.7455)	MaskBCELoss 0.4016 (0.7044)	MaskDICELoss 0.4016 (0.7044)	MaskLoss 0.8032 (1.4087)
Epoch: [1][ 27/100]	Time 10.416 (10.416)	Loss 0.5298 (0.9922)	ClsLoss 0.5298 (0.5489)	MaskBCELoss 0.7010 (0.7388)	MaskDICELoss 0.7010 (0.7388)	MaskLoss 1.4021 (1.4775)
Epoch: [1][ 28/100]	Time 10.379 (10.379)	Loss 1.2539 (1.1811)	ClsLoss 1.2539 (0.8713)	MaskBCELoss 1.3638 (0.7745)	MaskDICELoss 1.3638 (0.7745)	MaskLoss 2.7275 (1.5490)
Epoch: [1][ 29/100]	Time 10.431 (10.431)	Loss 1.8457 (1.2339)	ClsLoss 0.3079 (0.6886)	MaskBCELoss 0.7689 (0.6816)	MaskDICELoss 0.7689 (0.6816)	MaskLoss 1.5379 (1.3632)
[2026-01-28 14:10:08,057] [INFO] [logging.py:96:log_dist] [Rank 0] step=130, skipped=0, lr=[9.275e-05], mom=[(0.9, 0.95)]
[2026-01-28 14:10:08,064] [INFO] [timer.py:260:stop] epoch=0/micro_step=1300/global_step=130, RunningAvgSamplesPerSec=1.9302029009254038, CurrSamplesPerSec=1.9429973583590303, MemAllocated=16.29GB, MaxMemAllocated=19.2GB
Epoch: [1][ 30/100]	Time 10.334 (10.334)	Loss 0.5879 (0.6336)	ClsLoss 0.5879 (0.5049)	MaskBCELoss 0.6432 (0.6432)	MaskDICELoss 0.6432 (0.6432)	MaskLoss 1.2864 (1.2864)
Epoch: [1][ 31/100]	Time 10.506 (10.506)	Loss 0.3989 (1.8595)	ClsLoss 0.3989 (0.7069)	MaskBCELoss 1.5359 (1.1527)	MaskDICELoss 1.5359 (1.1527)	MaskLoss 3.0718 (2.3053)
Epoch: [1][ 32/100]	Time 10.346 (10.346)	Loss 0.2742 (0.9821)	ClsLoss 0.2742 (0.6430)	MaskBCELoss 0.9659 (0.8475)	MaskDICELoss 0.9659 (0.8475)	MaskLoss 1.9317 (1.6951)
Epoch: [1][ 33/100]	Time 10.416 (10.416)	Loss 4.1068 (1.3829)	ClsLoss 1.9453 (0.7172)	MaskBCELoss 1.0808 (0.8322)	MaskDICELoss 1.0808 (0.8322)	MaskLoss 2.1615 (1.6643)
Epoch: [1][ 34/100]	Time 10.401 (10.401)	Loss 0.1443 (0.7461)	ClsLoss 0.1443 (0.4432)	MaskBCELoss 0.4193 (0.5048)	MaskDICELoss 0.4193 (0.5048)	MaskLoss 0.8387 (1.0095)
Epoch: [1][ 35/100]	Time 10.362 (10.362)	Loss 0.3140 (0.7014)	ClsLoss 0.3140 (0.4432)	MaskBCELoss 0.5712 (0.6455)	MaskDICELoss 0.5712 (0.6455)	MaskLoss 1.1423 (1.2909)
Epoch: [1][ 36/100]	Time 11.227 (11.227)	Loss 0.1652 (1.1962)	ClsLoss 0.1652 (0.5998)	MaskBCELoss 0.8776 (0.9939)	MaskDICELoss 0.8776 (0.9939)	MaskLoss 1.7552 (1.9878)
Epoch: [1][ 37/100]	Time 10.490 (10.490)	Loss 0.2128 (1.1410)	ClsLoss 0.2128 (0.5103)	MaskBCELoss 0.6921 (0.6307)	MaskDICELoss 0.6921 (0.6307)	MaskLoss 1.3842 (1.2614)
Epoch: [1][ 38/100]	Time 10.475 (10.475)	Loss 2.6660 (1.1379)	ClsLoss 0.6543 (0.4332)	MaskBCELoss 1.0058 (0.7047)	MaskDICELoss 1.0058 (0.7047)	MaskLoss 2.0117 (1.4093)
Epoch: [1][ 39/100]	Time 10.411 (10.411)	Loss 0.0649 (0.9041)	ClsLoss 0.0649 (0.4914)	MaskBCELoss 0.6741 (0.6878)	MaskDICELoss 0.6741 (0.6878)	MaskLoss 1.3482 (1.3756)
[2026-01-28 14:11:53,041] [INFO] [logging.py:96:log_dist] [Rank 0] step=140, skipped=0, lr=[9.025e-05], mom=[(0.9, 0.95)]
[2026-01-28 14:11:53,048] [INFO] [timer.py:260:stop] epoch=0/micro_step=1400/global_step=140, RunningAvgSamplesPerSec=1.9300236292969182, CurrSamplesPerSec=1.9399888026263898, MemAllocated=16.29GB, MaxMemAllocated=19.2GB
Epoch: [1][ 40/100]	Time 10.351 (10.351)	Loss 2.2220 (1.0022)	ClsLoss 0.8169 (0.6112)	MaskBCELoss 0.7025 (0.9776)	MaskDICELoss 0.7025 (0.9776)	MaskLoss 1.4051 (1.9552)
Epoch: [1][ 41/100]	Time 10.452 (10.452)	Loss 1.4844 (1.1493)	ClsLoss 1.4844 (0.8459)	MaskBCELoss 0.1199 (0.3793)	MaskDICELoss 0.1199 (0.3793)	MaskLoss 0.2397 (0.7587)
Epoch: [1][ 42/100]	Time 10.403 (10.403)	Loss 0.1152 (0.6139)	ClsLoss 0.1152 (0.4361)	MaskBCELoss 0.1681 (0.2964)	MaskDICELoss 0.1681 (0.2964)	MaskLoss 0.3363 (0.5929)
Epoch: [1][ 43/100]	Time 10.497 (10.497)	Loss 0.6040 (1.1177)	ClsLoss 0.6040 (0.3982)	MaskBCELoss 0.2186 (0.7195)	MaskDICELoss 0.2186 (0.7195)	MaskLoss 0.4371 (1.4391)
Epoch: [1][ 44/100]	Time 10.427 (10.427)	Loss 1.5435 (0.7840)	ClsLoss 0.2920 (0.3044)	MaskBCELoss 0.6257 (0.5995)	MaskDICELoss 0.6257 (0.5995)	MaskLoss 1.2515 (1.1990)
Epoch: [1][ 45/100]	Time 10.429 (10.429)	Loss 0.5200 (1.2558)	ClsLoss 0.5200 (0.5310)	MaskBCELoss 1.3587 (1.2080)	MaskDICELoss 1.3587 (1.2080)	MaskLoss 2.7174 (2.4161)
Epoch: [1][ 46/100]	Time 10.402 (10.402)	Loss 2.2726 (0.9669)	ClsLoss 0.5142 (0.3947)	MaskBCELoss 0.8792 (0.9537)	MaskDICELoss 0.8792 (0.9537)	MaskLoss 1.7584 (1.9074)
Epoch: [1][ 47/100]	Time 10.316 (10.316)	Loss 3.0040 (0.7325)	ClsLoss 0.2482 (0.4570)	MaskBCELoss 1.3779 (1.3779)	MaskDICELoss 1.3779 (1.3779)	MaskLoss 2.7558 (2.7558)
Epoch: [1][ 48/100]	Time 10.370 (10.370)	Loss 0.2173 (0.6125)	ClsLoss 0.2173 (0.4773)	MaskBCELoss 0.2202 (0.3380)	MaskDICELoss 0.2202 (0.3380)	MaskLoss 0.4404 (0.6760)
Epoch: [1][ 49/100]	Time 10.428 (10.428)	Loss 2.4388 (0.9071)	ClsLoss 1.0547 (0.4295)	MaskBCELoss 0.6921 (0.5970)	MaskDICELoss 0.6921 (0.5970)	MaskLoss 1.3842 (1.1940)
[2026-01-28 14:13:37,127] [INFO] [logging.py:96:log_dist] [Rank 0] step=150, skipped=0, lr=[8.775e-05], mom=[(0.9, 0.95)]
[2026-01-28 14:13:37,134] [INFO] [timer.py:260:stop] epoch=0/micro_step=1500/global_step=150, RunningAvgSamplesPerSec=1.9299617731841712, CurrSamplesPerSec=1.9378959528331647, MemAllocated=16.29GB, MaxMemAllocated=19.2GB
Epoch: [1][ 50/100]	Time 10.362 (10.362)	Loss 2.8495 (0.7553)	ClsLoss 1.8467 (0.4599)	MaskBCELoss 0.5014 (0.4923)	MaskDICELoss 0.5014 (0.4923)	MaskLoss 1.0028 (0.9846)
Epoch: [1][ 51/100]	Time 11.264 (11.264)	Loss 0.0151 (0.4142)	ClsLoss 0.0151 (0.2930)	MaskBCELoss 0.1389 (0.3030)	MaskDICELoss 0.1389 (0.3030)	MaskLoss 0.2779 (0.6060)
Epoch: [1][ 52/100]	Time 10.378 (10.378)	Loss 0.0161 (0.7290)	ClsLoss 0.0161 (0.2958)	MaskBCELoss 1.0331 (1.0831)	MaskDICELoss 1.0331 (1.0831)	MaskLoss 2.0662 (2.1663)
Epoch: [1][ 53/100]	Time 10.409 (10.409)	Loss 0.0610 (0.5161)	ClsLoss 0.0610 (0.2885)	MaskBCELoss 0.6060 (0.3794)	MaskDICELoss 0.6060 (0.3794)	MaskLoss 1.2121 (0.7588)
Epoch: [1][ 54/100]	Time 10.319 (10.319)	Loss 0.0247 (0.2801)	ClsLoss 0.0247 (0.1507)	MaskBCELoss 0.6471 (0.6471)	MaskDICELoss 0.6471 (0.6471)	MaskLoss 1.2943 (1.2943)
Epoch: [1][ 55/100]	Time 10.408 (10.408)	Loss 0.1947 (0.5623)	ClsLoss 0.1947 (0.2742)	MaskBCELoss 0.6600 (0.4802)	MaskDICELoss 0.6600 (0.4802)	MaskLoss 1.3201 (0.9603)
Epoch: [1][ 56/100]	Time 10.402 (10.402)	Loss 0.1951 (0.7900)	ClsLoss 0.1951 (0.4679)	MaskBCELoss 0.7167 (0.5369)	MaskDICELoss 0.7167 (0.5369)	MaskLoss 1.4333 (1.0737)
Epoch: [1][ 57/100]	Time 10.425 (10.425)	Loss 3.4625 (1.2095)	ClsLoss 0.6489 (0.6393)	MaskBCELoss 1.4068 (0.7128)	MaskDICELoss 1.4068 (0.7128)	MaskLoss 2.8135 (1.4256)
Epoch: [1][ 58/100]	Time 10.489 (10.489)	Loss 0.0338 (1.0389)	ClsLoss 0.0338 (0.3467)	MaskBCELoss 1.0501 (0.6922)	MaskDICELoss 1.0501 (0.6922)	MaskLoss 2.1002 (1.3844)
Epoch: [1][ 59/100]	Time 10.463 (10.463)	Loss 2.1097 (0.8655)	ClsLoss 0.6372 (0.3306)	MaskBCELoss 0.7363 (0.5349)	MaskDICELoss 0.7363 (0.5349)	MaskLoss 1.4725 (1.0699)
[2026-01-28 14:15:22,177] [INFO] [logging.py:96:log_dist] [Rank 0] step=160, skipped=0, lr=[8.525000000000001e-05], mom=[(0.9, 0.95)]
[2026-01-28 14:15:22,185] [INFO] [timer.py:260:stop] epoch=0/micro_step=1600/global_step=160, RunningAvgSamplesPerSec=1.9297954612088006, CurrSamplesPerSec=1.9135370676795787, MemAllocated=16.29GB, MaxMemAllocated=19.2GB
Epoch: [1][ 60/100]	Time 10.494 (10.494)	Loss 0.0372 (0.5967)	ClsLoss 0.0372 (0.2553)	MaskBCELoss 0.0681 (0.3414)	MaskDICELoss 0.0681 (0.3414)	MaskLoss 0.1362 (0.6827)
Epoch: [1][ 61/100]	Time 10.334 (10.334)	Loss 1.7554 (0.6051)	ClsLoss 0.3188 (0.2806)	MaskBCELoss 0.7183 (0.8114)	MaskDICELoss 0.7183 (0.8114)	MaskLoss 1.4365 (1.6228)
Epoch: [1][ 62/100]	Time 10.439 (10.439)	Loss 0.4993 (0.7933)	ClsLoss 0.4993 (0.3262)	MaskBCELoss 0.7962 (0.5839)	MaskDICELoss 0.7962 (0.5839)	MaskLoss 1.5923 (1.1677)
Epoch: [1][ 63/100]	Time 10.393 (10.393)	Loss 0.0597 (0.9484)	ClsLoss 0.0597 (0.2594)	MaskBCELoss 1.2492 (1.1484)	MaskDICELoss 1.2492 (1.1484)	MaskLoss 2.4985 (2.2967)
Epoch: [1][ 64/100]	Time 10.459 (10.459)	Loss 1.5115 (0.7647)	ClsLoss 0.4648 (0.2199)	MaskBCELoss 0.5233 (0.5449)	MaskDICELoss 0.5233 (0.5449)	MaskLoss 1.0467 (1.0898)
Epoch: [1][ 65/100]	Time 10.370 (10.370)	Loss 0.3369 (0.7813)	ClsLoss 0.3369 (0.3801)	MaskBCELoss 0.4251 (0.6687)	MaskDICELoss 0.4251 (0.6687)	MaskLoss 0.8503 (1.3373)
Epoch: [1][ 66/100]	Time 11.228 (11.228)	Loss 0.0681 (0.6998)	ClsLoss 0.0681 (0.1723)	MaskBCELoss 0.5428 (0.6593)	MaskDICELoss 0.5428 (0.6593)	MaskLoss 1.0856 (1.3187)
Epoch: [1][ 67/100]	Time 10.315 (10.315)	Loss 0.0066 (0.2497)	ClsLoss 0.0066 (0.2230)	MaskBCELoss 0.1334 (0.1334)	MaskDICELoss 0.1334 (0.1334)	MaskLoss 0.2668 (0.2668)
Epoch: [1][ 68/100]	Time 10.452 (10.452)	Loss 0.0036 (0.5962)	ClsLoss 0.0036 (0.0925)	MaskBCELoss 0.1712 (0.6297)	MaskDICELoss 0.1712 (0.6297)	MaskLoss 0.3423 (1.2594)
Epoch: [1][ 69/100]	Time 10.362 (10.362)	Loss 0.1481 (0.4395)	ClsLoss 0.1481 (0.3143)	MaskBCELoss 0.1842 (0.3130)	MaskDICELoss 0.1842 (0.3130)	MaskLoss 0.3685 (0.6259)
[2026-01-28 14:17:06,958] [INFO] [logging.py:96:log_dist] [Rank 0] step=170, skipped=0, lr=[8.275e-05], mom=[(0.9, 0.95)]
[2026-01-28 14:17:06,966] [INFO] [timer.py:260:stop] epoch=0/micro_step=1700/global_step=170, RunningAvgSamplesPerSec=1.929858728941192, CurrSamplesPerSec=1.9255760493697707, MemAllocated=16.29GB, MaxMemAllocated=19.2GB
Epoch: [1][ 70/100]	Time 10.429 (10.429)	Loss 1.2106 (0.7857)	ClsLoss 0.1125 (0.1780)	MaskBCELoss 0.5490 (0.7595)	MaskDICELoss 0.5490 (0.7595)	MaskLoss 1.0980 (1.5191)
Epoch: [1][ 71/100]	Time 10.352 (10.352)	Loss 2.0513 (0.5617)	ClsLoss 0.5801 (0.1923)	MaskBCELoss 0.7356 (0.9235)	MaskDICELoss 0.7356 (0.9235)	MaskLoss 1.4712 (1.8470)
Epoch: [1][ 72/100]	Time 10.409 (10.409)	Loss 0.0204 (0.4339)	ClsLoss 0.0204 (0.1173)	MaskBCELoss 0.3669 (0.5278)	MaskDICELoss 0.3669 (0.5278)	MaskLoss 0.7338 (1.0555)
Epoch: [1][ 73/100]	Time 10.381 (10.381)	Loss 0.0010 (0.5846)	ClsLoss 0.0010 (0.2642)	MaskBCELoss 1.0666 (0.8010)	MaskDICELoss 1.0666 (0.8010)	MaskLoss 2.1333 (1.6021)
Epoch: [1][ 74/100]	Time 10.495 (10.495)	Loss 0.0179 (0.9047)	ClsLoss 0.0179 (0.2816)	MaskBCELoss 0.6705 (0.6231)	MaskDICELoss 0.6705 (0.6231)	MaskLoss 1.3411 (1.2462)
Epoch: [1][ 75/100]	Time 10.439 (10.439)	Loss 0.0004 (0.4824)	ClsLoss 0.0004 (0.1396)	MaskBCELoss 0.3457 (0.4285)	MaskDICELoss 0.3457 (0.4285)	MaskLoss 0.6913 (0.8570)
Epoch: [1][ 76/100]	Time 10.404 (10.404)	Loss 0.0299 (0.5342)	ClsLoss 0.0299 (0.1157)	MaskBCELoss 0.9543 (0.6975)	MaskDICELoss 0.9543 (0.6975)	MaskLoss 1.9085 (1.3949)
Epoch: [1][ 77/100]	Time 10.498 (10.498)	Loss 0.0482 (1.0053)	ClsLoss 0.0482 (0.4402)	MaskBCELoss 0.7175 (0.5651)	MaskDICELoss 0.7175 (0.5651)	MaskLoss 1.4350 (1.1301)
Epoch: [1][ 78/100]	Time 10.371 (10.371)	Loss 0.0273 (0.3406)	ClsLoss 0.0273 (0.0942)	MaskBCELoss 0.4396 (0.6160)	MaskDICELoss 0.4396 (0.6160)	MaskLoss 0.8792 (1.2320)
Epoch: [1][ 79/100]	Time 10.400 (10.400)	Loss 0.0086 (0.3892)	ClsLoss 0.0086 (0.1486)	MaskBCELoss 0.1320 (0.4010)	MaskDICELoss 0.1320 (0.4010)	MaskLoss 0.2639 (0.8020)
[2026-01-28 14:18:51,188] [INFO] [loss_scaler.py:190:update_scale] [deepspeed] OVERFLOW! Rank 0 Skipping step. Attempted loss scale: 4096, but hysteresis is 2. Reducing hysteresis to 1
[2026-01-28 14:18:51,188] [INFO] [logging.py:96:log_dist] [Rank 0] step=180, skipped=1, lr=[8.05e-05], mom=[(0.9, 0.95)]
[2026-01-28 14:18:51,188] [INFO] [timer.py:260:stop] epoch=0/micro_step=1800/global_step=180, RunningAvgSamplesPerSec=1.929674936352707, CurrSamplesPerSec=1.9169354363616478, MemAllocated=16.6GB, MaxMemAllocated=19.2GB
Epoch: [1][ 80/100]	Time 10.474 (10.474)	Loss 1.7823 (1.3226)	ClsLoss 0.0535 (0.7205)	MaskBCELoss 0.8644 (0.5017)	MaskDICELoss 0.8644 (0.5017)	MaskLoss 1.7288 (1.0035)
[2026-01-28 14:19:02,348] [INFO] [loss_scaler.py:183:update_scale] [deepspeed] OVERFLOW! Rank 0 Skipping step. Attempted loss scale: 4096, reducing to 2048
Epoch: [1][ 81/100]	Time 11.160 (11.160)	Loss 1.3102 (0.8031)	ClsLoss 0.1948 (0.4240)	MaskBCELoss 0.5577 (0.6319)	MaskDICELoss 0.5577 (0.6319)	MaskLoss 1.1154 (1.2638)
[2026-01-28 14:19:12,802] [INFO] [loss_scaler.py:183:update_scale] [deepspeed] OVERFLOW! Rank 0 Skipping step. Attempted loss scale: 2048, reducing to 1024
Epoch: [1][ 82/100]	Time 10.454 (10.454)	Loss 0.0789 (0.7523)	ClsLoss 0.0789 (0.3810)	MaskBCELoss 0.5331 (0.3713)	MaskDICELoss 0.5331 (0.3713)	MaskLoss 1.0662 (0.7426)
[2026-01-28 14:19:23,218] [INFO] [loss_scaler.py:183:update_scale] [deepspeed] OVERFLOW! Rank 0 Skipping step. Attempted loss scale: 1024, reducing to 512
Epoch: [1][ 83/100]	Time 10.416 (10.416)	Loss 0.0950 (0.7828)	ClsLoss 0.0950 (0.2443)	MaskBCELoss 0.2568 (0.6731)	MaskDICELoss 0.2568 (0.6731)	MaskLoss 0.5136 (1.3463)
[2026-01-28 14:19:33,620] [INFO] [loss_scaler.py:183:update_scale] [deepspeed] OVERFLOW! Rank 0 Skipping step. Attempted loss scale: 512, reducing to 256
Epoch: [1][ 84/100]	Time 10.402 (10.402)	Loss 0.0318 (0.8574)	ClsLoss 0.0318 (0.4040)	MaskBCELoss 1.1869 (0.5669)	MaskDICELoss 1.1869 (0.5669)	MaskLoss 2.3737 (1.1337)
[2026-01-28 14:19:43,985] [INFO] [loss_scaler.py:183:update_scale] [deepspeed] OVERFLOW! Rank 0 Skipping step. Attempted loss scale: 256, reducing to 128
Epoch: [1][ 85/100]	Time 10.364 (10.364)	Loss 1.3984 (1.0655)	ClsLoss 1.3984 (0.7593)	MaskBCELoss 0.0878 (0.5104)	MaskDICELoss 0.0878 (0.5104)	MaskLoss 0.1756 (1.0207)
[2026-01-28 14:19:54,421] [INFO] [loss_scaler.py:183:update_scale] [deepspeed] OVERFLOW! Rank 0 Skipping step. Attempted loss scale: 128, reducing to 64
Epoch: [1][ 86/100]	Time 10.436 (10.436)	Loss 0.0418 (1.4221)	ClsLoss 0.0418 (0.8207)	MaskBCELoss 0.7904 (0.6014)	MaskDICELoss 0.7904 (0.6014)	MaskLoss 1.5808 (1.2028)
Epoch: [1][ 87/100]	Time 10.363 (10.363)	Loss 0.2827 (0.8799)	ClsLoss 0.2827 (0.3696)	MaskBCELoss 0.4741 (0.8504)	MaskDICELoss 0.4741 (0.8504)	MaskLoss 0.9483 (1.7008)
Epoch: [1][ 88/100]	Time 10.323 (10.323)	Loss 0.4512 (0.2042)	ClsLoss 0.0128 (0.0348)	MaskBCELoss 0.2192 (0.4235)	MaskDICELoss 0.2192 (0.4235)	MaskLoss 0.4384 (0.8470)
Epoch: [1][ 89/100]	Time 10.373 (10.373)	Loss 0.2522 (0.5151)	ClsLoss 0.2522 (0.2354)	MaskBCELoss 0.2843 (0.4660)	MaskDICELoss 0.2843 (0.4660)	MaskLoss 0.5685 (0.9321)
[2026-01-28 14:20:35,801] [INFO] [logging.py:96:log_dist] [Rank 0] step=190, skipped=7, lr=[7.950000000000001e-05], mom=[(0.9, 0.95)]
[2026-01-28 14:20:35,808] [INFO] [timer.py:260:stop] epoch=0/micro_step=1900/global_step=190, RunningAvgSamplesPerSec=1.929896894834849, CurrSamplesPerSec=1.9442007545399638, MemAllocated=16.6GB, MaxMemAllocated=19.51GB
Epoch: [1][ 90/100]	Time 10.328 (10.328)	Loss 0.0041 (0.3096)	ClsLoss 0.0041 (0.1067)	MaskBCELoss 0.7302 (0.5073)	MaskDICELoss 0.7302 (0.5073)	MaskLoss 1.4604 (1.0146)
Epoch: [1][ 91/100]	Time 10.283 (10.283)	Loss 0.0004 (0.0985)	ClsLoss 0.0004 (0.0749)	MaskBCELoss 0.1180 (0.1180)	MaskDICELoss 0.1180 (0.1180)	MaskLoss 0.2361 (0.2361)
Epoch: [1][ 92/100]	Time 10.306 (10.306)	Loss 2.4406 (0.5205)	ClsLoss 0.0373 (0.0667)	MaskBCELoss 1.2017 (1.1343)	MaskDICELoss 1.2017 (1.1343)	MaskLoss 2.4033 (2.2687)
Epoch: [1][ 93/100]	Time 10.453 (10.453)	Loss 0.0078 (0.5551)	ClsLoss 0.0078 (0.1318)	MaskBCELoss 0.4494 (0.4233)	MaskDICELoss 0.4494 (0.4233)	MaskLoss 0.8989 (0.8467)
Epoch: [1][ 94/100]	Time 10.322 (10.322)	Loss 0.0010 (0.3381)	ClsLoss 0.0010 (0.1519)	MaskBCELoss 0.1635 (0.4655)	MaskDICELoss 0.1635 (0.4655)	MaskLoss 0.3269 (0.9310)
Epoch: [1][ 95/100]	Time 10.453 (10.453)	Loss 0.8376 (0.9176)	ClsLoss 0.3599 (0.2870)	MaskBCELoss 0.2389 (0.5255)	MaskDICELoss 0.2389 (0.5255)	MaskLoss 0.4777 (1.0510)
Epoch: [1][ 96/100]	Time 11.181 (11.181)	Loss 0.4199 (0.4080)	ClsLoss 0.1769 (0.2226)	MaskBCELoss 0.1215 (0.2317)	MaskDICELoss 0.1215 (0.2317)	MaskLoss 0.2430 (0.4634)
Epoch: [1][ 97/100]	Time 10.482 (10.482)	Loss 1.1964 (0.7326)	ClsLoss 0.1284 (0.1294)	MaskBCELoss 0.5340 (0.5027)	MaskDICELoss 0.5340 (0.5027)	MaskLoss 1.0679 (1.0054)
Epoch: [1][ 98/100]	Time 10.501 (10.501)	Loss 0.1361 (0.8151)	ClsLoss 0.1361 (0.1633)	MaskBCELoss 0.5606 (0.5432)	MaskDICELoss 0.5606 (0.5432)	MaskLoss 1.1211 (1.0864)
Epoch: [1][ 99/100]	Time 10.460 (10.460)	Loss 0.6631 (0.5278)	ClsLoss 0.6631 (0.1596)	MaskBCELoss 0.5629 (0.3682)	MaskDICELoss 0.5629 (0.3682)	MaskLoss 1.1258 (0.7365)
[2026-01-28 14:22:20,580] [INFO] [logging.py:96:log_dist] [Rank 0] step=200, skipped=7, lr=[7.7e-05], mom=[(0.9, 0.95)]
[2026-01-28 14:22:20,587] [INFO] [timer.py:260:stop] epoch=0/micro_step=2000/global_step=200, RunningAvgSamplesPerSec=1.9299365140266893, CurrSamplesPerSec=1.942308810830055, MemAllocated=16.6GB, MaxMemAllocated=19.51GB
Epoch: [1][100/100]	Time 10.338 (10.338)	Loss 0.3975 (0.3058)	ClsLoss 0.3975 (0.2118)	MaskBCELoss 0.1936 (0.2349)	MaskDICELoss 0.1936 (0.2349)	MaskLoss 0.3871 (0.4697)
Epoch 2 completed. Skipping validation.
Epoch: [2][  1/100]	Time 10.403 (10.403)	Loss 0.0023 (0.6665)	ClsLoss 0.0023 (0.0975)	MaskBCELoss 0.7862 (0.7112)	MaskDICELoss 0.7862 (0.7112)	MaskLoss 1.5725 (1.4223)
Epoch: [2][  2/100]	Time 10.383 (10.383)	Loss 1.0172 (0.7560)	ClsLoss 0.0363 (0.1062)	MaskBCELoss 0.4905 (0.8122)	MaskDICELoss 0.4905 (0.8122)	MaskLoss 0.9809 (1.6244)
Epoch: [2][  3/100]	Time 10.370 (10.370)	Loss 0.0308 (0.3516)	ClsLoss 0.0308 (0.0489)	MaskBCELoss 0.2836 (0.5046)	MaskDICELoss 0.2836 (0.5046)	MaskLoss 0.5672 (1.0091)
Epoch: [2][  4/100]	Time 10.324 (10.324)	Loss 0.1075 (0.3487)	ClsLoss 0.1075 (0.0416)	MaskBCELoss 0.7580 (0.7678)	MaskDICELoss 0.7580 (0.7678)	MaskLoss 1.5160 (1.5356)
Epoch: [2][  5/100]	Time 10.355 (10.355)	Loss 0.5432 (0.3720)	ClsLoss 0.0387 (0.0440)	MaskBCELoss 0.2522 (0.5467)	MaskDICELoss 0.2522 (0.5467)	MaskLoss 0.5045 (1.0933)
Epoch: [2][  6/100]	Time 10.327 (10.327)	Loss 0.0017 (0.1528)	ClsLoss 0.0017 (0.0267)	MaskBCELoss 0.2178 (0.3155)	MaskDICELoss 0.2178 (0.3155)	MaskLoss 0.4355 (0.6310)
Epoch: [2][  7/100]	Time 10.357 (10.357)	Loss 0.0066 (0.6383)	ClsLoss 0.0066 (0.3960)	MaskBCELoss 0.2810 (0.4038)	MaskDICELoss 0.2810 (0.4038)	MaskLoss 0.5621 (0.8076)
Epoch: [2][  8/100]	Time 10.419 (10.419)	Loss 0.0062 (0.7587)	ClsLoss 0.0062 (0.1126)	MaskBCELoss 0.6616 (0.8076)	MaskDICELoss 0.6616 (0.8076)	MaskLoss 1.3231 (1.6153)
Epoch: [2][  9/100]	Time 10.298 (10.298)	Loss 0.0587 (0.1791)	ClsLoss 0.0587 (0.0382)	MaskBCELoss 0.7047 (0.7047)	MaskDICELoss 0.7047 (0.7047)	MaskLoss 1.4094 (1.4094)
[2026-01-28 14:24:04,097] [INFO] [logging.py:96:log_dist] [Rank 0] step=210, skipped=7, lr=[7.450000000000001e-05], mom=[(0.9, 0.95)]
[2026-01-28 14:24:04,104] [INFO] [timer.py:260:stop] epoch=0/micro_step=2100/global_step=210, RunningAvgSamplesPerSec=1.9304100664508022, CurrSamplesPerSec=1.9543546811381562, MemAllocated=16.6GB, MaxMemAllocated=19.51GB
Epoch: [2][ 10/100]	Time 10.274 (10.274)	Loss 0.0608 (0.1419)	ClsLoss 0.0608 (0.0246)	MaskBCELoss 0.5864 (0.5864)	MaskDICELoss 0.5864 (0.5864)	MaskLoss 1.1729 (1.1729)
Epoch: [2][ 11/100]	Time 11.185 (11.185)	Loss 0.6596 (0.4105)	ClsLoss 0.0447 (0.0312)	MaskBCELoss 0.3074 (0.6321)	MaskDICELoss 0.3074 (0.6321)	MaskLoss 0.6149 (1.2643)
Epoch: [2][ 12/100]	Time 10.455 (10.455)	Loss 0.0038 (0.9338)	ClsLoss 0.0038 (0.1185)	MaskBCELoss 1.1248 (0.8153)	MaskDICELoss 1.1248 (0.8153)	MaskLoss 2.2497 (1.6305)
Epoch: [2][ 13/100]	Time 10.479 (10.479)	Loss 1.4583 (0.6671)	ClsLoss 0.0789 (0.0594)	MaskBCELoss 0.6897 (0.5064)	MaskDICELoss 0.6897 (0.5064)	MaskLoss 1.3794 (1.0127)
Epoch: [2][ 14/100]	Time 10.413 (10.413)	Loss 0.0975 (0.2051)	ClsLoss 0.0975 (0.0443)	MaskBCELoss 0.3767 (0.2009)	MaskDICELoss 0.3767 (0.2009)	MaskLoss 0.7533 (0.4019)
Epoch: [2][ 15/100]	Time 10.294 (10.294)	Loss 0.1107 (0.2547)	ClsLoss 0.1107 (0.0365)	MaskBCELoss 1.0914 (1.0914)	MaskDICELoss 1.0914 (1.0914)	MaskLoss 2.1827 (2.1827)
Epoch: [2][ 16/100]	Time 10.440 (10.440)	Loss 1.4700 (0.4177)	ClsLoss 0.0182 (0.0200)	MaskBCELoss 0.7259 (0.3977)	MaskDICELoss 0.7259 (0.3977)	MaskLoss 1.4518 (0.7954)
Epoch: [2][ 17/100]	Time 10.246 (10.246)	Loss 0.0049 (0.0131)	ClsLoss 0.0049 (0.0131)	MaskBCELoss 0.0000 (0.0000)	MaskDICELoss 0.0000 (0.0000)	MaskLoss 0.0000 (0.0000)
Epoch: [2][ 18/100]	Time 10.411 (10.411)	Loss 0.1409 (0.2872)	ClsLoss 0.1409 (0.0772)	MaskBCELoss 0.1285 (0.2625)	MaskDICELoss 0.1285 (0.2625)	MaskLoss 0.2569 (0.5249)
Epoch: [2][ 19/100]	Time 10.335 (10.335)	Loss 0.0400 (0.2718)	ClsLoss 0.0400 (0.0418)	MaskBCELoss 0.7352 (0.5750)	MaskDICELoss 0.7352 (0.5750)	MaskLoss 1.4704 (1.1500)
[2026-01-28 14:25:48,733] [INFO] [logging.py:96:log_dist] [Rank 0] step=220, skipped=7, lr=[7.2e-05], mom=[(0.9, 0.95)]
[2026-01-28 14:25:48,740] [INFO] [timer.py:260:stop] epoch=0/micro_step=2200/global_step=220, RunningAvgSamplesPerSec=1.9305753399233974, CurrSamplesPerSec=1.935304202902446, MemAllocated=16.6GB, MaxMemAllocated=19.51GB
Epoch: [2][ 20/100]	Time 10.377 (10.377)	Loss 0.0009 (0.2755)	ClsLoss 0.0009 (0.0221)	MaskBCELoss 0.7563 (0.4225)	MaskDICELoss 0.7563 (0.4225)	MaskLoss 1.5125 (0.8450)
Epoch: [2][ 21/100]	Time 10.423 (10.423)	Loss 0.0307 (0.5977)	ClsLoss 0.0307 (0.0593)	MaskBCELoss 0.9128 (0.6729)	MaskDICELoss 0.9128 (0.6729)	MaskLoss 1.8255 (1.3459)
Epoch: [2][ 22/100]	Time 10.375 (10.375)	Loss 0.0472 (0.2540)	ClsLoss 0.0472 (0.0457)	MaskBCELoss 0.0496 (0.3471)	MaskDICELoss 0.0496 (0.3471)	MaskLoss 0.0991 (0.6942)
Epoch: [2][ 23/100]	Time 10.289 (10.289)	Loss 0.0006 (0.0598)	ClsLoss 0.0006 (0.0103)	MaskBCELoss 0.2474 (0.2474)	MaskDICELoss 0.2474 (0.2474)	MaskLoss 0.4949 (0.4949)
Epoch: [2][ 24/100]	Time 10.498 (10.498)	Loss 0.0000 (0.9151)	ClsLoss 0.0000 (0.0266)	MaskBCELoss 1.4419 (0.7405)	MaskDICELoss 1.4419 (0.7405)	MaskLoss 2.8837 (1.4809)
Epoch: [2][ 25/100]	Time 10.342 (10.342)	Loss 1.1616 (0.2294)	ClsLoss 0.0030 (0.0284)	MaskBCELoss 0.5793 (0.3350)	MaskDICELoss 0.5793 (0.3350)	MaskLoss 1.1586 (0.6700)
Epoch: [2][ 26/100]	Time 11.103 (11.103)	Loss 0.0168 (0.1293)	ClsLoss 0.0168 (0.0216)	MaskBCELoss 0.5386 (0.5386)	MaskDICELoss 0.5386 (0.5386)	MaskLoss 1.0772 (1.0772)
Epoch: [2][ 27/100]	Time 10.445 (10.445)	Loss 0.0027 (0.4230)	ClsLoss 0.0027 (0.0094)	MaskBCELoss 0.5271 (0.4136)	MaskDICELoss 0.5271 (0.4136)	MaskLoss 1.0542 (0.8272)
Epoch: [2][ 28/100]	Time 10.342 (10.342)	Loss 0.1604 (0.1046)	ClsLoss 0.0157 (0.0069)	MaskBCELoss 0.0724 (0.1630)	MaskDICELoss 0.0724 (0.1630)	MaskLoss 0.1447 (0.3259)
Epoch: [2][ 29/100]	Time 10.328 (10.328)	Loss 0.0008 (0.1672)	ClsLoss 0.0008 (0.0057)	MaskBCELoss 0.5068 (0.4038)	MaskDICELoss 0.5068 (0.4038)	MaskLoss 1.0135 (0.8077)
[2026-01-28 14:27:33,276] [INFO] [logging.py:96:log_dist] [Rank 0] step=230, skipped=7, lr=[6.95e-05], mom=[(0.9, 0.95)]
[2026-01-28 14:27:33,283] [INFO] [timer.py:260:stop] epoch=0/micro_step=2300/global_step=230, RunningAvgSamplesPerSec=1.9308046692860856, CurrSamplesPerSec=1.9309373031337107, MemAllocated=16.6GB, MaxMemAllocated=19.51GB
Epoch: [2][ 30/100]	Time 10.399 (10.399)	Loss 0.0095 (0.2693)	ClsLoss 0.0095 (0.0085)	MaskBCELoss 0.1866 (0.3261)	MaskDICELoss 0.1866 (0.3261)	MaskLoss 0.3733 (0.6522)
Epoch: [2][ 31/100]	Time 10.436 (10.436)	Loss 0.0003 (0.5560)	ClsLoss 0.0003 (0.0507)	MaskBCELoss 0.1904 (0.5053)	MaskDICELoss 0.1904 (0.5053)	MaskLoss 0.3809 (1.0106)
Epoch: [2][ 32/100]	Time 10.437 (10.437)	Loss 0.0003 (0.4809)	ClsLoss 0.0003 (0.0865)	MaskBCELoss 1.3285 (0.4931)	MaskDICELoss 1.3285 (0.4931)	MaskLoss 2.6570 (0.9862)
Epoch: [2][ 33/100]	Time 10.432 (10.432)	Loss 0.0002 (0.4695)	ClsLoss 0.0002 (0.0256)	MaskBCELoss 0.6995 (0.5548)	MaskDICELoss 0.6995 (0.5548)	MaskLoss 1.3991 (1.1096)
Epoch: [2][ 34/100]	Time 10.361 (10.361)	Loss 0.0037 (0.1351)	ClsLoss 0.0037 (0.0282)	MaskBCELoss 0.2132 (0.1782)	MaskDICELoss 0.2132 (0.1782)	MaskLoss 0.4265 (0.3564)
Epoch: [2][ 35/100]	Time 10.367 (10.367)	Loss 0.0001 (0.3468)	ClsLoss 0.0001 (0.0058)	MaskBCELoss 0.7201 (0.5683)	MaskDICELoss 0.7201 (0.5683)	MaskLoss 1.4401 (1.1365)
Epoch: [2][ 36/100]	Time 10.324 (10.324)	Loss 0.0005 (0.3112)	ClsLoss 0.0005 (0.0031)	MaskBCELoss 1.0826 (0.7702)	MaskDICELoss 1.0826 (0.7702)	MaskLoss 2.1653 (1.5404)
Epoch: [2][ 37/100]	Time 10.416 (10.416)	Loss 0.2041 (0.3043)	ClsLoss 0.2041 (0.0900)	MaskBCELoss 0.1678 (0.2679)	MaskDICELoss 0.1678 (0.2679)	MaskLoss 0.3356 (0.5358)
Epoch: [2][ 38/100]	Time 10.462 (10.462)	Loss 0.0000 (0.6307)	ClsLoss 0.0000 (0.0272)	MaskBCELoss 0.1279 (0.6035)	MaskDICELoss 0.1279 (0.6035)	MaskLoss 0.2557 (1.2069)
Epoch: [2][ 39/100]	Time 10.274 (10.274)	Loss 0.0225 (0.1392)	ClsLoss 0.0225 (0.0116)	MaskBCELoss 0.6381 (0.6381)	MaskDICELoss 0.6381 (0.6381)	MaskLoss 1.2761 (1.2761)
[2026-01-28 14:29:17,161] [INFO] [logging.py:96:log_dist] [Rank 0] step=240, skipped=7, lr=[6.7e-05], mom=[(0.9, 0.95)]
[2026-01-28 14:29:17,168] [INFO] [timer.py:260:stop] epoch=0/micro_step=2400/global_step=240, RunningAvgSamplesPerSec=1.930893384863889, CurrSamplesPerSec=1.9353993092546473, MemAllocated=16.6GB, MaxMemAllocated=19.51GB
Epoch: [2][ 40/100]	Time 10.375 (10.375)	Loss 0.7695 (0.4594)	ClsLoss 0.0040 (0.0094)	MaskBCELoss 0.3828 (0.5624)	MaskDICELoss 0.3828 (0.5624)	MaskLoss 0.7656 (1.1248)
Epoch: [2][ 41/100]	Time 11.238 (11.238)	Loss 0.0031 (0.3355)	ClsLoss 0.0031 (0.0019)	MaskBCELoss 0.5497 (0.4170)	MaskDICELoss 0.5497 (0.4170)	MaskLoss 1.0994 (0.8340)
Epoch: [2][ 42/100]	Time 10.438 (10.438)	Loss 0.0004 (0.3545)	ClsLoss 0.0004 (0.0018)	MaskBCELoss 0.1065 (0.3526)	MaskDICELoss 0.1065 (0.3526)	MaskLoss 0.2129 (0.7052)
Epoch: [2][ 43/100]	Time 10.380 (10.380)	Loss 2.1117 (0.3688)	ClsLoss 0.0021 (0.0027)	MaskBCELoss 1.0548 (0.4576)	MaskDICELoss 1.0548 (0.4576)	MaskLoss 2.1095 (0.9152)
Epoch: [2][ 44/100]	Time 10.356 (10.356)	Loss 0.0002 (0.1527)	ClsLoss 0.0002 (0.0039)	MaskBCELoss 0.0910 (0.2480)	MaskDICELoss 0.0910 (0.2480)	MaskLoss 0.1821 (0.4960)
Epoch: [2][ 45/100]	Time 10.450 (10.450)	Loss 0.0006 (0.5576)	ClsLoss 0.0006 (0.0129)	MaskBCELoss 0.6380 (0.5447)	MaskDICELoss 0.6380 (0.5447)	MaskLoss 1.2760 (1.0894)
Epoch: [2][ 46/100]	Time 10.306 (10.306)	Loss 0.9782 (0.2277)	ClsLoss 0.0144 (0.0096)	MaskBCELoss 0.4819 (0.5452)	MaskDICELoss 0.4819 (0.5452)	MaskLoss 0.9638 (1.0904)
Epoch: [2][ 47/100]	Time 10.371 (10.371)	Loss 0.0001 (0.1940)	ClsLoss 0.0001 (0.0056)	MaskBCELoss 0.2523 (0.3139)	MaskDICELoss 0.2523 (0.3139)	MaskLoss 0.5045 (0.6278)
Epoch: [2][ 48/100]	Time 10.260 (10.260)	Loss 1.7518 (0.1767)	ClsLoss 0.0044 (0.0019)	MaskBCELoss 0.8737 (0.8737)	MaskDICELoss 0.8737 (0.8737)	MaskLoss 1.7475 (1.7475)
Epoch: [2][ 49/100]	Time 10.457 (10.457)	Loss 0.0012 (0.3371)	ClsLoss 0.0012 (0.0173)	MaskBCELoss 0.3132 (0.3198)	MaskDICELoss 0.3132 (0.3198)	MaskLoss 0.6264 (0.6396)
[2026-01-28 14:31:01,740] [INFO] [logging.py:96:log_dist] [Rank 0] step=250, skipped=7, lr=[6.450000000000001e-05], mom=[(0.9, 0.95)]
[2026-01-28 14:31:01,747] [INFO] [timer.py:260:stop] epoch=0/micro_step=2500/global_step=250, RunningAvgSamplesPerSec=1.9310588999026173, CurrSamplesPerSec=1.9451862679988572, MemAllocated=16.6GB, MaxMemAllocated=19.51GB
Epoch: [2][ 50/100]	Time 10.322 (10.322)	Loss 0.0002 (0.1894)	ClsLoss 0.0002 (0.0027)	MaskBCELoss 0.6195 (0.4667)	MaskDICELoss 0.6195 (0.4667)	MaskLoss 1.2390 (0.9334)
Epoch: [2][ 51/100]	Time 10.449 (10.449)	Loss 0.0003 (0.7462)	ClsLoss 0.0003 (0.0044)	MaskBCELoss 0.7921 (0.7418)	MaskDICELoss 0.7921 (0.7418)	MaskLoss 1.5842 (1.4836)
Epoch: [2][ 52/100]	Time 10.406 (10.406)	Loss 0.7080 (0.3333)	ClsLoss 0.0018 (0.0031)	MaskBCELoss 0.3531 (0.4127)	MaskDICELoss 0.3531 (0.4127)	MaskLoss 0.7063 (0.8254)
Epoch: [2][ 53/100]	Time 10.311 (10.311)	Loss 0.8955 (0.2392)	ClsLoss 0.0029 (0.0014)	MaskBCELoss 0.4463 (0.5946)	MaskDICELoss 0.4463 (0.5946)	MaskLoss 0.8926 (1.1891)
Epoch: [2][ 54/100]	Time 10.399 (10.399)	Loss 0.7658 (0.3815)	ClsLoss 0.0011 (0.0030)	MaskBCELoss 0.3823 (0.4731)	MaskDICELoss 0.3823 (0.4731)	MaskLoss 0.7647 (0.9462)
Epoch: [2][ 55/100]	Time 10.248 (10.248)	Loss 1.2314 (0.1269)	ClsLoss 0.0110 (0.0049)	MaskBCELoss 0.6102 (0.6102)	MaskDICELoss 0.6102 (0.6102)	MaskLoss 1.2204 (1.2204)
Epoch: [2][ 56/100]	Time 10.983 (10.983)	Loss 1.1019 (0.1140)	ClsLoss 0.0010 (0.0039)	MaskBCELoss 0.5504 (0.5504)	MaskDICELoss 0.5504 (0.5504)	MaskLoss 1.1008 (1.1008)
Epoch: [2][ 57/100]	Time 10.309 (10.309)	Loss 0.6792 (0.0980)	ClsLoss 0.0056 (0.0033)	MaskBCELoss 0.3368 (0.2368)	MaskDICELoss 0.3368 (0.2368)	MaskLoss 0.6736 (0.4735)
Epoch: [2][ 58/100]	Time 10.349 (10.349)	Loss 0.3876 (0.1151)	ClsLoss 0.0009 (0.0007)	MaskBCELoss 0.1934 (0.1905)	MaskDICELoss 0.1934 (0.1905)	MaskLoss 0.3868 (0.3811)
Epoch: [2][ 59/100]	Time 10.482 (10.482)	Loss 0.2514 (0.4854)	ClsLoss 0.0066 (0.0020)	MaskBCELoss 0.1224 (0.4029)	MaskDICELoss 0.1224 (0.4029)	MaskLoss 0.2448 (0.8057)
[2026-01-28 14:32:46,025] [INFO] [logging.py:96:log_dist] [Rank 0] step=260, skipped=7, lr=[6.2e-05], mom=[(0.9, 0.95)]
[2026-01-28 14:32:46,033] [INFO] [timer.py:260:stop] epoch=0/micro_step=2600/global_step=260, RunningAvgSamplesPerSec=1.9313464829103604, CurrSamplesPerSec=1.9403775467864721, MemAllocated=16.6GB, MaxMemAllocated=19.51GB
Epoch: [2][ 60/100]	Time 10.349 (10.349)	Loss 0.5642 (0.2567)	ClsLoss 0.0048 (0.0020)	MaskBCELoss 0.2797 (0.4246)	MaskDICELoss 0.2797 (0.4246)	MaskLoss 0.5594 (0.8492)
Epoch: [2][ 61/100]	Time 10.348 (10.348)	Loss 0.0000 (0.4236)	ClsLoss 0.0000 (0.0011)	MaskBCELoss 0.8351 (0.7042)	MaskDICELoss 0.8351 (0.7042)	MaskLoss 1.6701 (1.4084)
Epoch: [2][ 62/100]	Time 10.335 (10.335)	Loss 0.2837 (0.1115)	ClsLoss 0.0150 (0.0026)	MaskBCELoss 0.1343 (0.1815)	MaskDICELoss 0.1343 (0.1815)	MaskLoss 0.2686 (0.3630)
Epoch: [2][ 63/100]	Time 10.356 (10.356)	Loss 0.0002 (0.2625)	ClsLoss 0.0002 (0.0012)	MaskBCELoss 0.7558 (0.4356)	MaskDICELoss 0.7558 (0.4356)	MaskLoss 1.5116 (0.8711)
Epoch: [2][ 64/100]	Time 10.352 (10.352)	Loss 1.1854 (0.3870)	ClsLoss 0.0102 (0.0060)	MaskBCELoss 0.5876 (0.6351)	MaskDICELoss 0.5876 (0.6351)	MaskLoss 1.1752 (1.2702)
Epoch: [2][ 65/100]	Time 10.294 (10.294)	Loss 0.0917 (0.0491)	ClsLoss 0.0100 (0.0012)	MaskBCELoss 0.0409 (0.1199)	MaskDICELoss 0.0409 (0.1199)	MaskLoss 0.0817 (0.2398)
Epoch: [2][ 66/100]	Time 10.480 (10.480)	Loss 0.0000 (0.6555)	ClsLoss 0.0000 (0.0014)	MaskBCELoss 0.2409 (0.5451)	MaskDICELoss 0.2409 (0.5451)	MaskLoss 0.4817 (1.0902)
Epoch: [2][ 67/100]	Time 10.382 (10.382)	Loss 1.0979 (0.3905)	ClsLoss 0.0031 (0.0027)	MaskBCELoss 0.5474 (0.4848)	MaskDICELoss 0.5474 (0.4848)	MaskLoss 1.0948 (0.9695)
Epoch: [2][ 68/100]	Time 10.314 (10.314)	Loss 0.0000 (0.1074)	ClsLoss 0.0000 (0.0017)	MaskBCELoss 0.4518 (0.2642)	MaskDICELoss 0.4518 (0.2642)	MaskLoss 0.9036 (0.5285)
Epoch: [2][ 69/100]	Time 10.435 (10.435)	Loss 1.3639 (0.4612)	ClsLoss 0.0045 (0.0061)	MaskBCELoss 0.6797 (0.4550)	MaskDICELoss 0.6797 (0.4550)	MaskLoss 1.3594 (0.9101)
[2026-01-28 14:34:29,700] [INFO] [logging.py:96:log_dist] [Rank 0] step=270, skipped=7, lr=[5.95e-05], mom=[(0.9, 0.95)]
[2026-01-28 14:34:29,707] [INFO] [timer.py:260:stop] epoch=0/micro_step=2700/global_step=270, RunningAvgSamplesPerSec=1.9315506479059026, CurrSamplesPerSec=1.9346216761506918, MemAllocated=16.6GB, MaxMemAllocated=19.51GB
Epoch: [2][ 70/100]	Time 10.379 (10.379)	Loss 0.0206 (0.2242)	ClsLoss 0.0206 (0.0116)	MaskBCELoss 0.2965 (0.2657)	MaskDICELoss 0.2965 (0.2657)	MaskLoss 0.5930 (0.5315)
Epoch: [2][ 71/100]	Time 11.206 (11.206)	Loss 0.0021 (0.1518)	ClsLoss 0.0021 (0.0005)	MaskBCELoss 0.5419 (0.2522)	MaskDICELoss 0.5419 (0.2522)	MaskLoss 1.0837 (0.5043)
Epoch: [2][ 72/100]	Time 10.270 (10.270)	Loss 0.0000 (0.0788)	ClsLoss 0.0000 (0.0006)	MaskBCELoss 0.3908 (0.3908)	MaskDICELoss 0.3908 (0.3908)	MaskLoss 0.7815 (0.7815)
Epoch: [2][ 73/100]	Time 10.354 (10.354)	Loss 0.0014 (0.1123)	ClsLoss 0.0014 (0.0011)	MaskBCELoss 0.1066 (0.1854)	MaskDICELoss 0.1066 (0.1854)	MaskLoss 0.2132 (0.3707)
Epoch: [2][ 74/100]	Time 10.333 (10.333)	Loss 0.2044 (0.1745)	ClsLoss 0.0065 (0.0015)	MaskBCELoss 0.0989 (0.2885)	MaskDICELoss 0.0989 (0.2885)	MaskLoss 0.1979 (0.5769)
Epoch: [2][ 75/100]	Time 10.274 (10.274)	Loss 0.0001 (0.0597)	ClsLoss 0.0001 (0.0007)	MaskBCELoss 0.2949 (0.2949)	MaskDICELoss 0.2949 (0.2949)	MaskLoss 0.5898 (0.5898)
Epoch: [2][ 76/100]	Time 10.313 (10.313)	Loss 0.0000 (0.1157)	ClsLoss 0.0000 (0.0014)	MaskBCELoss 0.4692 (0.2856)	MaskDICELoss 0.4692 (0.2856)	MaskLoss 0.9384 (0.5712)
Epoch: [2][ 77/100]	Time 10.432 (10.432)	Loss 0.0003 (0.4942)	ClsLoss 0.0003 (0.0023)	MaskBCELoss 0.2055 (0.4919)	MaskDICELoss 0.2055 (0.4919)	MaskLoss 0.4110 (0.9838)
Epoch: [2][ 78/100]	Time 10.357 (10.357)	Loss 0.0005 (0.2582)	ClsLoss 0.0005 (0.0010)	MaskBCELoss 0.5964 (0.4286)	MaskDICELoss 0.5964 (0.4286)	MaskLoss 1.1927 (0.8572)
Epoch: [2][ 79/100]	Time 10.385 (10.385)	Loss 1.3719 (0.3910)	ClsLoss 0.0012 (0.0013)	MaskBCELoss 0.6854 (0.4871)	MaskDICELoss 0.6854 (0.4871)	MaskLoss 1.3707 (0.9743)
[2026-01-28 14:36:14,148] [INFO] [logging.py:96:log_dist] [Rank 0] step=280, skipped=7, lr=[5.6999999999999996e-05], mom=[(0.9, 0.95)]
[2026-01-28 14:36:14,156] [INFO] [timer.py:260:stop] epoch=0/micro_step=2800/global_step=280, RunningAvgSamplesPerSec=1.9317889283044423, CurrSamplesPerSec=1.9082434806804693, MemAllocated=16.6GB, MaxMemAllocated=19.51GB
Epoch: [2][ 80/100]	Time 10.523 (10.523)	Loss 0.0006 (0.2579)	ClsLoss 0.0006 (0.0008)	MaskBCELoss 0.4143 (0.3213)	MaskDICELoss 0.4143 (0.3213)	MaskLoss 0.8285 (0.6427)
Epoch: [2][ 81/100]	Time 10.474 (10.474)	Loss 2.4402 (0.6221)	ClsLoss 0.0008 (0.0011)	MaskBCELoss 1.2197 (0.5175)	MaskDICELoss 1.2197 (0.5175)	MaskLoss 2.4394 (1.0350)
Epoch: [2][ 82/100]	Time 10.464 (10.464)	Loss 0.0009 (0.4355)	ClsLoss 0.0009 (0.0017)	MaskBCELoss 0.5182 (0.4337)	MaskDICELoss 0.5182 (0.4337)	MaskLoss 1.0365 (0.8675)
Epoch: [2][ 83/100]	Time 10.432 (10.432)	Loss 0.3665 (0.3620)	ClsLoss 0.0010 (0.0011)	MaskBCELoss 0.1828 (0.3609)	MaskDICELoss 0.1828 (0.3609)	MaskLoss 0.3656 (0.7218)
Epoch: [2][ 84/100]	Time 10.301 (10.301)	Loss 0.0000 (0.1741)	ClsLoss 0.0000 (0.0010)	MaskBCELoss 0.2286 (0.4327)	MaskDICELoss 0.2286 (0.4327)	MaskLoss 0.4571 (0.8655)
Epoch: [2][ 85/100]	Time 10.324 (10.324)	Loss 0.0002 (0.1926)	ClsLoss 0.0002 (0.0010)	MaskBCELoss 0.2831 (0.3193)	MaskDICELoss 0.2831 (0.3193)	MaskLoss 0.5663 (0.6385)
Epoch: [2][ 86/100]	Time 11.124 (11.124)	Loss 0.0000 (0.1646)	ClsLoss 0.0000 (0.0002)	MaskBCELoss 0.2830 (0.4109)	MaskDICELoss 0.2830 (0.4109)	MaskLoss 0.5661 (0.8217)
Epoch: [2][ 87/100]	Time 10.439 (10.439)	Loss 0.0006 (0.2164)	ClsLoss 0.0006 (0.0013)	MaskBCELoss 0.0900 (0.2150)	MaskDICELoss 0.0900 (0.2150)	MaskLoss 0.1800 (0.4300)
Epoch: [2][ 88/100]	Time 10.350 (10.350)	Loss 0.4295 (0.0992)	ClsLoss 0.0001 (0.0003)	MaskBCELoss 0.2147 (0.1648)	MaskDICELoss 0.2147 (0.1648)	MaskLoss 0.4295 (0.3295)
Epoch: [2][ 89/100]	Time 10.350 (10.350)	Loss 0.0001 (0.1966)	ClsLoss 0.0001 (0.0007)	MaskBCELoss 0.4848 (0.3264)	MaskDICELoss 0.4848 (0.3264)	MaskLoss 0.9695 (0.6528)
[2026-01-28 14:37:58,739] [INFO] [logging.py:96:log_dist] [Rank 0] step=290, skipped=7, lr=[5.45e-05], mom=[(0.9, 0.95)]
[2026-01-28 14:37:58,747] [INFO] [timer.py:260:stop] epoch=0/micro_step=2900/global_step=290, RunningAvgSamplesPerSec=1.9318966133424227, CurrSamplesPerSec=1.943215834050462, MemAllocated=16.6GB, MaxMemAllocated=19.51GB
Epoch: [2][ 90/100]	Time 10.334 (10.334)	Loss 0.2858 (0.2598)	ClsLoss 0.0002 (0.0004)	MaskBCELoss 0.1428 (0.4324)	MaskDICELoss 0.1428 (0.4324)	MaskLoss 0.2856 (0.8648)
Epoch: [2][ 91/100]	Time 10.321 (10.321)	Loss 0.0007 (0.1675)	ClsLoss 0.0007 (0.0016)	MaskBCELoss 0.4331 (0.4149)	MaskDICELoss 0.4331 (0.4149)	MaskLoss 0.8663 (0.8299)
Epoch: [2][ 92/100]	Time 10.380 (10.380)	Loss 1.1381 (0.3876)	ClsLoss 0.0002 (0.0006)	MaskBCELoss 0.5690 (0.4837)	MaskDICELoss 0.5690 (0.4837)	MaskLoss 1.1380 (0.9675)
Epoch: [2][ 93/100]	Time 10.391 (10.391)	Loss 0.0002 (0.4005)	ClsLoss 0.0002 (0.0013)	MaskBCELoss 0.5601 (0.4990)	MaskDICELoss 0.5601 (0.4990)	MaskLoss 1.1201 (0.9980)
Epoch: [2][ 94/100]	Time 10.518 (10.518)	Loss 1.4620 (0.5295)	ClsLoss 0.0007 (0.0006)	MaskBCELoss 0.7307 (0.3778)	MaskDICELoss 0.7307 (0.3778)	MaskLoss 1.4613 (0.7556)
Epoch: [2][ 95/100]	Time 10.374 (10.374)	Loss 0.0001 (0.1858)	ClsLoss 0.0001 (0.0006)	MaskBCELoss 0.6959 (0.3088)	MaskDICELoss 0.6959 (0.3088)	MaskLoss 1.3917 (0.6175)
Epoch: [2][ 96/100]	Time 10.318 (10.318)	Loss 0.0000 (0.0639)	ClsLoss 0.0000 (0.0002)	MaskBCELoss 0.1624 (0.1592)	MaskDICELoss 0.1624 (0.1592)	MaskLoss 0.3248 (0.3184)
Epoch: [2][ 97/100]	Time 10.310 (10.310)	Loss 0.0003 (0.1437)	ClsLoss 0.0003 (0.0003)	MaskBCELoss 0.4976 (0.3585)	MaskDICELoss 0.4976 (0.3585)	MaskLoss 0.9951 (0.7171)
Epoch: [2][ 98/100]	Time 10.439 (10.439)	Loss 0.0003 (0.3078)	ClsLoss 0.0003 (0.0003)	MaskBCELoss 0.8741 (0.3075)	MaskDICELoss 0.8741 (0.3075)	MaskLoss 1.7482 (0.6150)
Epoch: [2][ 99/100]	Time 10.358 (10.358)	Loss 0.0009 (0.4023)	ClsLoss 0.0009 (0.0011)	MaskBCELoss 0.8881 (0.6686)	MaskDICELoss 0.8881 (0.6686)	MaskLoss 1.7762 (1.3372)
[2026-01-28 14:39:42,434] [INFO] [logging.py:96:log_dist] [Rank 0] step=300, skipped=7, lr=[5.2000000000000004e-05], mom=[(0.9, 0.95)]
[2026-01-28 14:39:42,441] [INFO] [timer.py:260:stop] epoch=0/micro_step=3000/global_step=300, RunningAvgSamplesPerSec=1.9320504274333314, CurrSamplesPerSec=1.9526605387644274, MemAllocated=16.6GB, MaxMemAllocated=19.51GB
Epoch: [2][100/100]	Time 10.284 (10.284)	Loss 0.0002 (0.0802)	ClsLoss 0.0002 (0.0004)	MaskBCELoss 0.0478 (0.1994)	MaskDICELoss 0.0478 (0.1994)	MaskLoss 0.0957 (0.3989)

Performing validation after epoch 3

First validation batch details:
image_paths length: 1
images shape: torch.Size([1, 3, 1024, 1024])
images_clip shape: torch.Size([1, 3, 224, 224])
input_ids shape: torch.Size([1, 81])
cls_labels shape: torch.Size([1])
labels shape: torch.Size([1, 81])
attention_masks shape: torch.Size([1, 81])
masks_list length: 1
cls_labels_list length: 1
label_list length: 1
resize_list length: 1
offset shape: torch.Size([2])
questions_list length: 1
sampled_classes_list length: 1
conversation_list length: 1

Processing first batch:
Input dict keys: dict_keys(['image_paths', 'images', 'images_clip', 'input_ids', 'cls_labels', 'labels', 'attention_masks', 'masks_list', 'cls_labels_list', 'label_list', 'resize_list', 'offset', 'questions_list', 'sampled_classes_list', 'inference', 'conversation_list'])

Full Validation Results:
giou: 0.7080, ciou: 0.8619
Classification Accuracy: 100.0000%
Pixel Accuracy: 86.1939%
IoU: 0.8619
F1 Score: 0.9259
Approximate AUC: 1.0000
Total correct classifications: 300
Total classification samples: 300

Per-Class Metrics:

Real:
  Accuracy:  1.0000
  Precision: 1.0000
  Recall:    1.0000
  F1 Score:  1.0000

Full Synthetic:
  Accuracy:  1.0000
  Precision: 1.0000
  Recall:    1.0000
  F1 Score:  1.0000

Tampered:
  Accuracy:  1.0000
  Precision: 1.0000
  Recall:    1.0000
  F1 Score:  1.0000

Confusion Matrix:
Predicted 
Actual 
                            RealFull Synthetic    Tampered
Real                         100           0           0
Full Synthetic                 0         100           0
Tampered                       0           0         100
Current accuracy: 100.00%, Best accuracy: 100.00%
Current iou: 0.00%, Best score: 0.71%
[2026-01-28 14:41:21,233] [INFO] [logging.py:96:log_dist] [Rank 0] [Torch] Checkpoint global_step300 is about to be saved!
[2026-01-28 14:41:30,670] [INFO] [logging.py:96:log_dist] [Rank 0] Saving model checkpoint: ./runs/SIDA-7B/ckpt_model/global_step300/mp_rank_00_model_states.pt
[2026-01-28 14:41:30,670] [INFO] [torch_checkpoint_engine.py:21:save] [Torch] Saving ./runs/SIDA-7B/ckpt_model/global_step300/mp_rank_00_model_states.pt...
[2026-01-28 14:44:06,098] [INFO] [torch_checkpoint_engine.py:23:save] [Torch] Saved ./runs/SIDA-7B/ckpt_model/global_step300/mp_rank_00_model_states.pt.
[2026-01-28 14:44:06,628] [INFO] [torch_checkpoint_engine.py:21:save] [Torch] Saving ./runs/SIDA-7B/ckpt_model/global_step300/zero_pp_rank_0_mp_rank_00_optim_states.pt...
[2026-01-28 14:44:09,748] [INFO] [torch_checkpoint_engine.py:23:save] [Torch] Saved ./runs/SIDA-7B/ckpt_model/global_step300/zero_pp_rank_0_mp_rank_00_optim_states.pt.
[2026-01-28 14:44:09,748] [INFO] [engine.py:3488:_save_zero_checkpoint] zero checkpoint saved ./runs/SIDA-7B/ckpt_model/global_step300/zero_pp_rank_0_mp_rank_00_optim_states.pt
[2026-01-28 14:44:09,748] [INFO] [torch_checkpoint_engine.py:33:commit] [Torch] Checkpoint global_step300 is ready now!
Epoch: [3][  1/100]	Time 11.095 (11.095)	Loss 1.0925 (0.2808)	ClsLoss 0.0005 (0.0004)	MaskBCELoss 0.5460 (0.4674)	MaskDICELoss 0.5460 (0.4674)	MaskLoss 1.0921 (0.9348)
Epoch: [3][  2/100]	Time 10.309 (10.309)	Loss 1.0547 (0.3219)	ClsLoss 0.0000 (0.0005)	MaskBCELoss 0.5274 (0.4018)	MaskDICELoss 0.5274 (0.4018)	MaskLoss 1.0547 (0.8036)
Epoch: [3][  3/100]	Time 10.267 (10.267)	Loss 0.0000 (0.1751)	ClsLoss 0.0000 (0.0003)	MaskBCELoss 0.4423 (0.2913)	MaskDICELoss 0.4423 (0.2913)	MaskLoss 0.8847 (0.5825)
Epoch: [3][  4/100]	Time 10.293 (10.293)	Loss 0.4492 (0.1586)	ClsLoss 0.0002 (0.0005)	MaskBCELoss 0.2245 (0.2636)	MaskDICELoss 0.2245 (0.2636)	MaskLoss 0.4489 (0.5271)
Epoch: [3][  5/100]	Time 10.272 (10.272)	Loss 1.1804 (0.1502)	ClsLoss 0.0005 (0.0004)	MaskBCELoss 0.5899 (0.3746)	MaskDICELoss 0.5899 (0.3746)	MaskLoss 1.1798 (0.7491)
Epoch: [3][  6/100]	Time 10.286 (10.286)	Loss 0.0001 (0.1347)	ClsLoss 0.0001 (0.0003)	MaskBCELoss 0.6350 (0.3359)	MaskDICELoss 0.6350 (0.3359)	MaskLoss 1.2700 (0.6718)
Epoch: [3][  7/100]	Time 10.451 (10.451)	Loss 1.1639 (0.3241)	ClsLoss 0.0002 (0.0002)	MaskBCELoss 0.5819 (0.2699)	MaskDICELoss 0.5819 (0.2699)	MaskLoss 1.1638 (0.5398)
Epoch: [3][  8/100]	Time 10.285 (10.285)	Loss 1.0223 (0.1380)	ClsLoss 0.0011 (0.0005)	MaskBCELoss 0.5106 (0.3436)	MaskDICELoss 0.5106 (0.3436)	MaskLoss 1.0212 (0.6871)
Epoch: [3][  9/100]	Time 10.249 (10.249)	Loss 0.0001 (0.1420)	ClsLoss 0.0001 (0.0003)	MaskBCELoss 0.7086 (0.7086)	MaskDICELoss 0.7086 (0.7086)	MaskLoss 1.4173 (1.4173)
[2026-01-28 14:45:53,724] [INFO] [logging.py:96:log_dist] [Rank 0] step=310, skipped=7, lr=[4.9500000000000004e-05], mom=[(0.9, 0.95)]
[2026-01-28 14:45:53,731] [INFO] [timer.py:260:stop] epoch=0/micro_step=3100/global_step=310, RunningAvgSamplesPerSec=1.9325391627408566, CurrSamplesPerSec=1.9281363848454132, MemAllocated=16.6GB, MaxMemAllocated=19.51GB
Epoch: [3][ 10/100]	Time 10.469 (10.469)	Loss 0.0000 (0.3300)	ClsLoss 0.0000 (0.0003)	MaskBCELoss 0.2120 (0.3297)	MaskDICELoss 0.2120 (0.3297)	MaskLoss 0.4240 (0.6594)
Epoch: [3][ 11/100]	Time 10.466 (10.466)	Loss 0.0000 (0.4881)	ClsLoss 0.0000 (0.0005)	MaskBCELoss 0.7772 (0.4064)	MaskDICELoss 0.7772 (0.4064)	MaskLoss 1.5544 (0.8127)
Epoch: [3][ 12/100]	Time 10.374 (10.374)	Loss 0.0000 (0.2507)	ClsLoss 0.0000 (0.0004)	MaskBCELoss 0.0528 (0.3129)	MaskDICELoss 0.0528 (0.3129)	MaskLoss 0.1056 (0.6257)
Epoch: [3][ 13/100]	Time 10.292 (10.292)	Loss 0.0000 (0.1527)	ClsLoss 0.0000 (0.0003)	MaskBCELoss 0.3402 (0.3808)	MaskDICELoss 0.3402 (0.3808)	MaskLoss 0.6804 (0.7616)
Epoch: [3][ 14/100]	Time 10.365 (10.365)	Loss 0.1648 (0.3188)	ClsLoss 0.0000 (0.0006)	MaskBCELoss 0.0824 (0.3977)	MaskDICELoss 0.0824 (0.3977)	MaskLoss 0.1648 (0.7955)
Epoch: [3][ 15/100]	Time 10.314 (10.314)	Loss 0.3502 (0.0670)	ClsLoss 0.0008 (0.0003)	MaskBCELoss 0.1747 (0.1111)	MaskDICELoss 0.1747 (0.1111)	MaskLoss 0.3494 (0.2222)
Epoch: [3][ 16/100]	Time 11.107 (11.107)	Loss 0.0000 (0.1190)	ClsLoss 0.0000 (0.0002)	MaskBCELoss 0.0570 (0.1979)	MaskDICELoss 0.0570 (0.1979)	MaskLoss 0.1140 (0.3957)
Epoch: [3][ 17/100]	Time 10.281 (10.281)	Loss 0.0002 (0.0517)	ClsLoss 0.0002 (0.0003)	MaskBCELoss 0.1135 (0.1285)	MaskDICELoss 0.1135 (0.1285)	MaskLoss 0.2270 (0.2570)
Epoch: [3][ 18/100]	Time 10.315 (10.315)	Loss 0.0001 (0.1131)	ClsLoss 0.0001 (0.0002)	MaskBCELoss 0.2525 (0.1881)	MaskDICELoss 0.2525 (0.1881)	MaskLoss 0.5051 (0.3762)
Epoch: [3][ 19/100]	Time 10.321 (10.321)	Loss 0.0002 (0.1434)	ClsLoss 0.0002 (0.0002)	MaskBCELoss 0.1181 (0.2387)	MaskDICELoss 0.1181 (0.2387)	MaskLoss 0.2362 (0.4775)
[2026-01-28 14:47:37,796] [INFO] [logging.py:96:log_dist] [Rank 0] step=320, skipped=7, lr=[4.7e-05], mom=[(0.9, 0.95)]
[2026-01-28 14:47:37,804] [INFO] [timer.py:260:stop] epoch=0/micro_step=3200/global_step=320, RunningAvgSamplesPerSec=1.9328810664408291, CurrSamplesPerSec=1.961542064381338, MemAllocated=16.6GB, MaxMemAllocated=19.51GB
Epoch: [3][ 20/100]	Time 10.238 (10.238)	Loss 0.0001 (0.1062)	ClsLoss 0.0001 (0.0002)	MaskBCELoss 0.5298 (0.5298)	MaskDICELoss 0.5298 (0.5298)	MaskLoss 1.0597 (1.0597)
Epoch: [3][ 21/100]	Time 10.285 (10.285)	Loss 0.0000 (0.1438)	ClsLoss 0.0000 (0.0002)	MaskBCELoss 0.0612 (0.3590)	MaskDICELoss 0.0612 (0.3590)	MaskLoss 0.1224 (0.7179)
Epoch: [3][ 22/100]	Time 10.371 (10.371)	Loss 0.0002 (0.2779)	ClsLoss 0.0002 (0.0003)	MaskBCELoss 0.5610 (0.3470)	MaskDICELoss 0.5610 (0.3470)	MaskLoss 1.1220 (0.6939)
Epoch: [3][ 23/100]	Time 10.224 (10.224)	Loss 1.0212 (0.1022)	ClsLoss 0.0004 (0.0001)	MaskBCELoss 0.5104 (0.5104)	MaskDICELoss 0.5104 (0.5104)	MaskLoss 1.0208 (1.0208)
Epoch: [3][ 24/100]	Time 10.492 (10.492)	Loss 0.4954 (0.4620)	ClsLoss 0.0005 (0.0007)	MaskBCELoss 0.2475 (0.3295)	MaskDICELoss 0.2475 (0.3295)	MaskLoss 0.4949 (0.6590)
Epoch: [3][ 25/100]	Time 10.365 (10.365)	Loss 0.0001 (0.2786)	ClsLoss 0.0001 (0.0008)	MaskBCELoss 0.0289 (0.3472)	MaskDICELoss 0.0289 (0.3472)	MaskLoss 0.0579 (0.6944)
Epoch: [3][ 26/100]	Time 10.445 (10.445)	Loss 0.5453 (0.3913)	ClsLoss 0.0006 (0.0004)	MaskBCELoss 0.2723 (0.3257)	MaskDICELoss 0.2723 (0.3257)	MaskLoss 0.5447 (0.6514)
Epoch: [3][ 27/100]	Time 10.418 (10.418)	Loss 0.0003 (0.1643)	ClsLoss 0.0003 (0.0002)	MaskBCELoss 0.3213 (0.1640)	MaskDICELoss 0.3213 (0.1640)	MaskLoss 0.6426 (0.3281)
Epoch: [3][ 28/100]	Time 10.283 (10.283)	Loss 0.0000 (0.2003)	ClsLoss 0.0000 (0.0001)	MaskBCELoss 0.8856 (0.5004)	MaskDICELoss 0.8856 (0.5004)	MaskLoss 1.7712 (1.0009)
Epoch: [3][ 29/100]	Time 10.339 (10.339)	Loss 0.0001 (0.1882)	ClsLoss 0.0001 (0.0004)	MaskBCELoss 0.2080 (0.3130)	MaskDICELoss 0.2080 (0.3130)	MaskLoss 0.4160 (0.6261)
[2026-01-28 14:49:21,349] [INFO] [logging.py:96:log_dist] [Rank 0] step=330, skipped=7, lr=[4.4500000000000004e-05], mom=[(0.9, 0.95)]
[2026-01-28 14:49:21,356] [INFO] [timer.py:260:stop] epoch=0/micro_step=3300/global_step=330, RunningAvgSamplesPerSec=1.9330688768904654, CurrSamplesPerSec=1.9440953195844368, MemAllocated=16.6GB, MaxMemAllocated=19.51GB
Epoch: [3][ 30/100]	Time 10.330 (10.330)	Loss 1.2861 (0.3340)	ClsLoss 0.0014 (0.0005)	MaskBCELoss 0.6424 (0.4169)	MaskDICELoss 0.6424 (0.4169)	MaskLoss 1.2847 (0.8339)
Epoch: [3][ 31/100]	Time 11.016 (11.016)	Loss 0.5256 (0.3213)	ClsLoss 0.0001 (0.0001)	MaskBCELoss 0.2627 (0.3212)	MaskDICELoss 0.2627 (0.3212)	MaskLoss 0.5255 (0.6425)
Epoch: [3][ 32/100]	Time 10.421 (10.421)	Loss 0.0001 (0.4138)	ClsLoss 0.0001 (0.0004)	MaskBCELoss 0.5403 (0.4135)	MaskDICELoss 0.5403 (0.4135)	MaskLoss 1.0806 (0.8269)
Epoch: [3][ 33/100]	Time 10.327 (10.327)	Loss 0.0001 (0.2241)	ClsLoss 0.0001 (0.0002)	MaskBCELoss 0.0747 (0.3731)	MaskDICELoss 0.0747 (0.3731)	MaskLoss 0.1493 (0.7461)
Epoch: [3][ 34/100]	Time 10.395 (10.395)	Loss 0.0663 (0.2919)	ClsLoss 0.0001 (0.0001)	MaskBCELoss 0.0331 (0.2918)	MaskDICELoss 0.0331 (0.2918)	MaskLoss 0.0662 (0.5835)
Epoch: [3][ 35/100]	Time 10.320 (10.320)	Loss 0.1209 (0.0840)	ClsLoss 0.0001 (0.0002)	MaskBCELoss 0.0604 (0.1397)	MaskDICELoss 0.0604 (0.1397)	MaskLoss 0.1208 (0.2794)
Epoch: [3][ 36/100]	Time 10.416 (10.416)	Loss 0.0001 (0.2998)	ClsLoss 0.0001 (0.0001)	MaskBCELoss 0.2089 (0.2997)	MaskDICELoss 0.2089 (0.2997)	MaskLoss 0.4179 (0.5993)
Epoch: [3][ 37/100]	Time 10.369 (10.369)	Loss 0.0005 (0.1900)	ClsLoss 0.0005 (0.0001)	MaskBCELoss 0.3594 (0.2373)	MaskDICELoss 0.3594 (0.2373)	MaskLoss 0.7188 (0.4745)
Epoch: [3][ 38/100]	Time 10.399 (10.399)	Loss 0.3890 (0.2929)	ClsLoss 0.0000 (0.0001)	MaskBCELoss 0.1945 (0.2928)	MaskDICELoss 0.1945 (0.2928)	MaskLoss 0.3890 (0.5856)
Epoch: [3][ 39/100]	Time 10.264 (10.264)	Loss 0.0002 (0.0288)	ClsLoss 0.0002 (0.0005)	MaskBCELoss 0.1414 (0.1414)	MaskDICELoss 0.1414 (0.1414)	MaskLoss 0.2828 (0.2828)
[2026-01-28 14:51:05,635] [INFO] [logging.py:96:log_dist] [Rank 0] step=340, skipped=7, lr=[4.2e-05], mom=[(0.9, 0.95)]
[2026-01-28 14:51:05,643] [INFO] [timer.py:260:stop] epoch=0/micro_step=3400/global_step=340, RunningAvgSamplesPerSec=1.9331727398261345, CurrSamplesPerSec=1.9381746310636145, MemAllocated=16.6GB, MaxMemAllocated=19.51GB
Epoch: [3][ 40/100]	Time 10.360 (10.360)	Loss 0.8677 (0.3024)	ClsLoss 0.0003 (0.0002)	MaskBCELoss 0.4337 (0.3777)	MaskDICELoss 0.4337 (0.3777)	MaskLoss 0.8674 (0.7553)
Epoch: [3][ 41/100]	Time 10.250 (10.250)	Loss 0.0001 (0.0124)	ClsLoss 0.0001 (0.0002)	MaskBCELoss 0.0607 (0.0607)	MaskDICELoss 0.0607 (0.0607)	MaskLoss 0.1214 (0.1214)
Epoch: [3][ 42/100]	Time 10.332 (10.332)	Loss 0.0002 (0.1736)	ClsLoss 0.0002 (0.0002)	MaskBCELoss 0.0589 (0.2890)	MaskDICELoss 0.0589 (0.2890)	MaskLoss 0.1178 (0.5779)
Epoch: [3][ 43/100]	Time 10.280 (10.280)	Loss 0.0001 (0.0749)	ClsLoss 0.0001 (0.0001)	MaskBCELoss 0.1865 (0.1869)	MaskDICELoss 0.1865 (0.1869)	MaskLoss 0.3729 (0.3739)
Epoch: [3][ 44/100]	Time 10.188 (10.188)	Loss 0.0001 (0.0002)	ClsLoss 0.0001 (0.0002)	MaskBCELoss 0.0000 (0.0000)	MaskDICELoss 0.0000 (0.0000)	MaskLoss 0.0000 (0.0000)
Epoch: [3][ 45/100]	Time 10.315 (10.315)	Loss 0.3106 (0.1978)	ClsLoss 0.0011 (0.0010)	MaskBCELoss 0.1547 (0.2461)	MaskDICELoss 0.1547 (0.2461)	MaskLoss 0.3094 (0.4921)
Epoch: [3][ 46/100]	Time 10.892 (10.892)	Loss 0.0003 (0.1875)	ClsLoss 0.0003 (0.0004)	MaskBCELoss 0.3295 (0.3120)	MaskDICELoss 0.3295 (0.3120)	MaskLoss 0.6591 (0.6240)
Epoch: [3][ 47/100]	Time 10.405 (10.405)	Loss 0.0002 (0.3491)	ClsLoss 0.0002 (0.0006)	MaskBCELoss 0.1569 (0.3485)	MaskDICELoss 0.1569 (0.3485)	MaskLoss 0.3137 (0.6971)
Epoch: [3][ 48/100]	Time 10.268 (10.268)	Loss 0.0001 (0.0808)	ClsLoss 0.0001 (0.0001)	MaskBCELoss 0.0711 (0.2018)	MaskDICELoss 0.0711 (0.2018)	MaskLoss 0.1422 (0.4036)
Epoch: [3][ 49/100]	Time 10.240 (10.240)	Loss 0.0000 (0.0787)	ClsLoss 0.0000 (0.0001)	MaskBCELoss 0.3931 (0.3931)	MaskDICELoss 0.3931 (0.3931)	MaskLoss 0.7862 (0.7862)
[2026-01-28 14:52:49,166] [INFO] [logging.py:96:log_dist] [Rank 0] step=350, skipped=7, lr=[3.9500000000000005e-05], mom=[(0.9, 0.95)]
[2026-01-28 14:52:49,173] [INFO] [timer.py:260:stop] epoch=0/micro_step=3500/global_step=350, RunningAvgSamplesPerSec=1.9336453598696686, CurrSamplesPerSec=1.9380644307503156, MemAllocated=16.6GB, MaxMemAllocated=19.51GB
Epoch: [3][ 50/100]	Time 10.361 (10.361)	Loss 1.4552 (0.3942)	ClsLoss 0.0006 (0.0002)	MaskBCELoss 0.7273 (0.4925)	MaskDICELoss 0.7273 (0.4925)	MaskLoss 1.4546 (0.9851)
Epoch: [3][ 51/100]	Time 10.250 (10.250)	Loss 0.0000 (0.0617)	ClsLoss 0.0000 (0.0001)	MaskBCELoss 0.3081 (0.3081)	MaskDICELoss 0.3081 (0.3081)	MaskLoss 0.6161 (0.6161)
Epoch: [3][ 52/100]	Time 10.277 (10.277)	Loss 0.0001 (0.0496)	ClsLoss 0.0001 (0.0005)	MaskBCELoss 0.1220 (0.1227)	MaskDICELoss 0.1220 (0.1227)	MaskLoss 0.2439 (0.2453)
Epoch: [3][ 53/100]	Time 10.280 (10.280)	Loss 0.0000 (0.1704)	ClsLoss 0.0000 (0.0001)	MaskBCELoss 0.3110 (0.4257)	MaskDICELoss 0.3110 (0.4257)	MaskLoss 0.6219 (0.8515)
Epoch: [3][ 54/100]	Time 10.464 (10.464)	Loss 0.0001 (0.1378)	ClsLoss 0.0001 (0.0003)	MaskBCELoss 0.1732 (0.1145)	MaskDICELoss 0.1732 (0.1145)	MaskLoss 0.3464 (0.2290)
Epoch: [3][ 55/100]	Time 10.338 (10.338)	Loss 0.0000 (0.1737)	ClsLoss 0.0000 (0.0001)	MaskBCELoss 0.1601 (0.2893)	MaskDICELoss 0.1601 (0.2893)	MaskLoss 0.3201 (0.5785)
Epoch: [3][ 56/100]	Time 10.399 (10.399)	Loss 0.4644 (0.2891)	ClsLoss 0.0001 (0.0002)	MaskBCELoss 0.2321 (0.2890)	MaskDICELoss 0.2321 (0.2890)	MaskLoss 0.4643 (0.5779)
Epoch: [3][ 57/100]	Time 10.460 (10.460)	Loss 0.3200 (0.2184)	ClsLoss 0.0006 (0.0002)	MaskBCELoss 0.1597 (0.1818)	MaskDICELoss 0.1597 (0.1818)	MaskLoss 0.3194 (0.3637)
Epoch: [3][ 58/100]	Time 10.229 (10.229)	Loss 0.0000 (0.0486)	ClsLoss 0.0000 (0.0001)	MaskBCELoss 0.2427 (0.2427)	MaskDICELoss 0.2427 (0.2427)	MaskLoss 0.4855 (0.4855)
Epoch: [3][ 59/100]	Time 10.401 (10.401)	Loss 0.0000 (0.1996)	ClsLoss 0.0000 (0.0001)	MaskBCELoss 0.5538 (0.1995)	MaskDICELoss 0.5538 (0.1995)	MaskLoss 1.1075 (0.3990)
[2026-01-28 14:54:32,608] [INFO] [logging.py:96:log_dist] [Rank 0] step=360, skipped=7, lr=[3.7e-05], mom=[(0.9, 0.95)]
[2026-01-28 14:54:32,615] [INFO] [timer.py:260:stop] epoch=0/micro_step=3600/global_step=360, RunningAvgSamplesPerSec=1.9338559714992885, CurrSamplesPerSec=1.9416601199024788, MemAllocated=16.6GB, MaxMemAllocated=19.51GB
Epoch: [3][ 60/100]	Time 10.342 (10.342)	Loss 0.1765 (0.2156)	ClsLoss 0.0003 (0.0002)	MaskBCELoss 0.0881 (0.2692)	MaskDICELoss 0.0881 (0.2692)	MaskLoss 0.1761 (0.5383)
Epoch: [3][ 61/100]	Time 11.042 (11.042)	Loss 0.0000 (0.2099)	ClsLoss 0.0000 (0.0004)	MaskBCELoss 0.0508 (0.2095)	MaskDICELoss 0.0508 (0.2095)	MaskLoss 0.1016 (0.4190)
Epoch: [3][ 62/100]	Time 10.389 (10.389)	Loss 0.0007 (0.3459)	ClsLoss 0.0007 (0.0004)	MaskBCELoss 0.5813 (0.4319)	MaskDICELoss 0.5813 (0.4319)	MaskLoss 1.1627 (0.8638)
Epoch: [3][ 63/100]	Time 10.330 (10.330)	Loss 0.0001 (0.0614)	ClsLoss 0.0001 (0.0021)	MaskBCELoss 0.0586 (0.0989)	MaskDICELoss 0.0586 (0.0989)	MaskLoss 0.1173 (0.1977)
Epoch: [3][ 64/100]	Time 10.347 (10.347)	Loss 0.2259 (0.2291)	ClsLoss 0.0000 (0.0001)	MaskBCELoss 0.1130 (0.2863)	MaskDICELoss 0.1130 (0.2863)	MaskLoss 0.2259 (0.5726)
Epoch: [3][ 65/100]	Time 10.465 (10.465)	Loss 0.0011 (0.4008)	ClsLoss 0.0011 (0.0002)	MaskBCELoss 0.5224 (0.3339)	MaskDICELoss 0.5224 (0.3339)	MaskLoss 1.0448 (0.6677)
Epoch: [3][ 66/100]	Time 10.237 (10.237)	Loss 0.0000 (0.0126)	ClsLoss 0.0000 (0.0002)	MaskBCELoss 0.0620 (0.0620)	MaskDICELoss 0.0620 (0.0620)	MaskLoss 0.1240 (0.1240)
Epoch: [3][ 67/100]	Time 10.316 (10.316)	Loss 0.0951 (0.1297)	ClsLoss 0.0001 (0.0002)	MaskBCELoss 0.0475 (0.2159)	MaskDICELoss 0.0475 (0.2159)	MaskLoss 0.0950 (0.4317)
Epoch: [3][ 68/100]	Time 10.412 (10.412)	Loss 1.2002 (0.2248)	ClsLoss 0.0001 (0.0002)	MaskBCELoss 0.6000 (0.2246)	MaskDICELoss 0.6000 (0.2246)	MaskLoss 1.2000 (0.4493)
Epoch: [3][ 69/100]	Time 10.285 (10.285)	Loss 0.0001 (0.1032)	ClsLoss 0.0001 (0.0004)	MaskBCELoss 0.1214 (0.2572)	MaskDICELoss 0.1214 (0.2572)	MaskLoss 0.2429 (0.5144)
[2026-01-28 14:56:16,796] [INFO] [logging.py:96:log_dist] [Rank 0] step=370, skipped=7, lr=[3.45e-05], mom=[(0.9, 0.95)]
[2026-01-28 14:56:16,803] [INFO] [timer.py:260:stop] epoch=0/micro_step=3700/global_step=370, RunningAvgSamplesPerSec=1.933984409813257, CurrSamplesPerSec=1.937471641875502, MemAllocated=16.6GB, MaxMemAllocated=19.51GB
Epoch: [3][ 70/100]	Time 10.364 (10.364)	Loss 0.5127 (0.2163)	ClsLoss 0.0036 (0.0015)	MaskBCELoss 0.2546 (0.2685)	MaskDICELoss 0.2546 (0.2685)	MaskLoss 0.5091 (0.5370)
Epoch: [3][ 71/100]	Time 10.381 (10.381)	Loss 0.0000 (0.1618)	ClsLoss 0.0000 (0.0002)	MaskBCELoss 0.0910 (0.2021)	MaskDICELoss 0.0910 (0.2021)	MaskLoss 0.1821 (0.4041)
Epoch: [3][ 72/100]	Time 10.284 (10.284)	Loss 0.0000 (0.1000)	ClsLoss 0.0000 (0.0002)	MaskBCELoss 0.1527 (0.2495)	MaskDICELoss 0.1527 (0.2495)	MaskLoss 0.3055 (0.4989)
Epoch: [3][ 73/100]	Time 10.336 (10.336)	Loss 0.0000 (0.1139)	ClsLoss 0.0000 (0.0009)	MaskBCELoss 0.1528 (0.1883)	MaskDICELoss 0.1528 (0.1883)	MaskLoss 0.3057 (0.3766)
Epoch: [3][ 74/100]	Time 10.296 (10.296)	Loss 0.0000 (0.1484)	ClsLoss 0.0000 (0.0001)	MaskBCELoss 0.5395 (0.3707)	MaskDICELoss 0.5395 (0.3707)	MaskLoss 1.0791 (0.7414)
Epoch: [3][ 75/100]	Time 10.269 (10.269)	Loss 0.0001 (0.1087)	ClsLoss 0.0001 (0.0001)	MaskBCELoss 0.4447 (0.2715)	MaskDICELoss 0.4447 (0.2715)	MaskLoss 0.8895 (0.5430)
Epoch: [3][ 76/100]	Time 10.837 (10.837)	Loss 0.0000 (0.0266)	ClsLoss 0.0000 (0.0002)	MaskBCELoss 0.1031 (0.0660)	MaskDICELoss 0.1031 (0.0660)	MaskLoss 0.2061 (0.1320)
Epoch: [3][ 77/100]	Time 10.420 (10.420)	Loss 0.2764 (0.3007)	ClsLoss 0.0001 (0.0001)	MaskBCELoss 0.1381 (0.3006)	MaskDICELoss 0.1381 (0.3006)	MaskLoss 0.2762 (0.6011)
Epoch: [3][ 78/100]	Time 10.353 (10.353)	Loss 0.3091 (0.1495)	ClsLoss 0.0002 (0.0001)	MaskBCELoss 0.1544 (0.2489)	MaskDICELoss 0.1544 (0.2489)	MaskLoss 0.3088 (0.4979)
Epoch: [3][ 79/100]	Time 10.441 (10.441)	Loss 0.1521 (0.3888)	ClsLoss 0.0003 (0.0001)	MaskBCELoss 0.0759 (0.3887)	MaskDICELoss 0.0759 (0.3887)	MaskLoss 0.1518 (0.7773)
[2026-01-28 14:58:00,822] [INFO] [logging.py:96:log_dist] [Rank 0] step=380, skipped=7, lr=[3.2000000000000005e-05], mom=[(0.9, 0.95)]
[2026-01-28 14:58:00,830] [INFO] [timer.py:260:stop] epoch=0/micro_step=3800/global_step=380, RunningAvgSamplesPerSec=1.9341424248795998, CurrSamplesPerSec=1.9293059514406716, MemAllocated=16.6GB, MaxMemAllocated=19.51GB
Epoch: [3][ 80/100]	Time 10.409 (10.409)	Loss 0.0000 (0.2087)	ClsLoss 0.0000 (0.0001)	MaskBCELoss 0.0490 (0.2607)	MaskDICELoss 0.0490 (0.2607)	MaskLoss 0.0981 (0.5214)
Epoch: [3][ 81/100]	Time 10.443 (10.443)	Loss 1.1709 (0.1999)	ClsLoss 0.0002 (0.0002)	MaskBCELoss 0.5854 (0.1997)	MaskDICELoss 0.5854 (0.1997)	MaskLoss 1.1707 (0.3995)
Epoch: [3][ 82/100]	Time 10.367 (10.367)	Loss 0.0000 (0.0454)	ClsLoss 0.0000 (0.0001)	MaskBCELoss 0.0726 (0.0754)	MaskDICELoss 0.0726 (0.0754)	MaskLoss 0.1452 (0.1508)
Epoch: [3][ 83/100]	Time 10.392 (10.392)	Loss 0.0000 (0.1191)	ClsLoss 0.0000 (0.0001)	MaskBCELoss 0.1938 (0.1488)	MaskDICELoss 0.1938 (0.1488)	MaskLoss 0.3876 (0.2975)
Epoch: [3][ 84/100]	Time 10.389 (10.389)	Loss 1.2961 (0.3045)	ClsLoss 0.0000 (0.0001)	MaskBCELoss 0.6480 (0.3805)	MaskDICELoss 0.6480 (0.3805)	MaskLoss 1.2961 (0.7611)
Epoch: [3][ 85/100]	Time 10.435 (10.435)	Loss 0.7178 (0.4357)	ClsLoss 0.0001 (0.0001)	MaskBCELoss 0.3588 (0.4356)	MaskDICELoss 0.3588 (0.4356)	MaskLoss 0.7177 (0.8711)
Epoch: [3][ 86/100]	Time 10.363 (10.363)	Loss 0.0000 (0.1350)	ClsLoss 0.0000 (0.0000)	MaskBCELoss 0.4813 (0.2250)	MaskDICELoss 0.4813 (0.2250)	MaskLoss 0.9625 (0.4500)
Epoch: [3][ 87/100]	Time 10.353 (10.353)	Loss 0.0000 (0.0692)	ClsLoss 0.0000 (0.0001)	MaskBCELoss 0.1568 (0.1153)	MaskDICELoss 0.1568 (0.1153)	MaskLoss 0.3136 (0.2305)
Epoch: [3][ 88/100]	Time 10.247 (10.247)	Loss 0.0001 (0.0140)	ClsLoss 0.0001 (0.0001)	MaskBCELoss 0.0697 (0.0697)	MaskDICELoss 0.0697 (0.0697)	MaskLoss 0.1395 (0.1395)
Epoch: [3][ 89/100]	Time 10.312 (10.312)	Loss 0.0000 (0.1433)	ClsLoss 0.0000 (0.0001)	MaskBCELoss 0.3802 (0.3581)	MaskDICELoss 0.3802 (0.3581)	MaskLoss 0.7603 (0.7162)
[2026-01-28 14:59:44,364] [INFO] [logging.py:96:log_dist] [Rank 0] step=390, skipped=7, lr=[2.95e-05], mom=[(0.9, 0.95)]
[2026-01-28 14:59:44,371] [INFO] [timer.py:260:stop] epoch=0/micro_step=3900/global_step=390, RunningAvgSamplesPerSec=1.9342757425326458, CurrSamplesPerSec=1.9608267001669153, MemAllocated=16.6GB, MaxMemAllocated=19.51GB
Epoch: [3][ 90/100]	Time 10.241 (10.241)	Loss 0.0003 (0.0063)	ClsLoss 0.0003 (0.0001)	MaskBCELoss 0.0309 (0.0309)	MaskDICELoss 0.0309 (0.0309)	MaskLoss 0.0619 (0.0619)
Epoch: [3][ 91/100]	Time 11.063 (11.063)	Loss 0.0000 (0.1894)	ClsLoss 0.0000 (0.0001)	MaskBCELoss 0.0797 (0.1894)	MaskDICELoss 0.0797 (0.1894)	MaskLoss 0.1593 (0.3788)
Epoch: [3][ 92/100]	Time 10.356 (10.356)	Loss 0.5772 (0.1881)	ClsLoss 0.0000 (0.0000)	MaskBCELoss 0.2886 (0.2350)	MaskDICELoss 0.2886 (0.2350)	MaskLoss 0.5771 (0.4701)
Epoch: [3][ 93/100]	Time 10.484 (10.484)	Loss 0.2046 (0.3018)	ClsLoss 0.0000 (0.0001)	MaskBCELoss 0.1023 (0.2515)	MaskDICELoss 0.1023 (0.2515)	MaskLoss 0.2045 (0.5029)
Epoch: [3][ 94/100]	Time 10.311 (10.311)	Loss 0.0000 (0.0538)	ClsLoss 0.0000 (0.0001)	MaskBCELoss 0.0891 (0.1343)	MaskDICELoss 0.0891 (0.1343)	MaskLoss 0.1782 (0.2686)
Epoch: [3][ 95/100]	Time 10.400 (10.400)	Loss 0.0000 (0.2714)	ClsLoss 0.0000 (0.0001)	MaskBCELoss 0.2034 (0.3392)	MaskDICELoss 0.2034 (0.3392)	MaskLoss 0.4069 (0.6784)
Epoch: [3][ 96/100]	Time 10.444 (10.444)	Loss 0.0000 (0.1809)	ClsLoss 0.0000 (0.0000)	MaskBCELoss 0.1659 (0.1808)	MaskDICELoss 0.1659 (0.1808)	MaskLoss 0.3318 (0.3617)
Epoch: [3][ 97/100]	Time 10.403 (10.403)	Loss 0.0000 (0.2129)	ClsLoss 0.0000 (0.0001)	MaskBCELoss 0.2088 (0.2659)	MaskDICELoss 0.2088 (0.2659)	MaskLoss 0.4176 (0.5319)
Epoch: [3][ 98/100]	Time 10.298 (10.298)	Loss 0.0000 (0.0164)	ClsLoss 0.0000 (0.0001)	MaskBCELoss 0.0381 (0.0407)	MaskDICELoss 0.0381 (0.0407)	MaskLoss 0.0763 (0.0815)
Epoch: [3][ 99/100]	Time 10.390 (10.390)	Loss 0.0000 (0.1556)	ClsLoss 0.0000 (0.0001)	MaskBCELoss 0.4033 (0.1945)	MaskDICELoss 0.4033 (0.1945)	MaskLoss 0.8066 (0.3889)
[2026-01-28 15:01:28,844] [INFO] [logging.py:96:log_dist] [Rank 0] step=400, skipped=7, lr=[2.7000000000000002e-05], mom=[(0.9, 0.95)]
[2026-01-28 15:01:28,851] [INFO] [timer.py:260:stop] epoch=0/micro_step=4000/global_step=400, RunningAvgSamplesPerSec=1.9342630361479678, CurrSamplesPerSec=1.9437211628690154, MemAllocated=16.6GB, MaxMemAllocated=19.51GB
Epoch: [3][100/100]	Time 10.330 (10.330)	Loss 0.1899 (0.0662)	ClsLoss 0.0000 (0.0001)	MaskBCELoss 0.0950 (0.1102)	MaskDICELoss 0.0950 (0.1102)	MaskLoss 0.1899 (0.2203)
Epoch 4 completed. Skipping validation.
Epoch: [4][  1/100]	Time 10.262 (10.262)	Loss 0.0000 (0.0138)	ClsLoss 0.0000 (0.0001)	MaskBCELoss 0.0688 (0.0688)	MaskDICELoss 0.0688 (0.0688)	MaskLoss 0.1377 (0.1377)
Epoch: [4][  2/100]	Time 10.256 (10.256)	Loss 0.0000 (0.0671)	ClsLoss 0.0000 (0.0001)	MaskBCELoss 0.3351 (0.3351)	MaskDICELoss 0.3351 (0.3351)	MaskLoss 0.6703 (0.6703)
Epoch: [4][  3/100]	Time 10.256 (10.256)	Loss 0.0000 (0.0330)	ClsLoss 0.0000 (0.0000)	MaskBCELoss 0.1646 (0.1646)	MaskDICELoss 0.1646 (0.1646)	MaskLoss 0.3292 (0.3292)
Epoch: [4][  4/100]	Time 10.343 (10.343)	Loss 0.0000 (0.2875)	ClsLoss 0.0000 (0.0001)	MaskBCELoss 0.7168 (0.4791)	MaskDICELoss 0.7168 (0.4791)	MaskLoss 1.4336 (0.9581)
Epoch: [4][  5/100]	Time 10.425 (10.425)	Loss 0.0000 (0.1374)	ClsLoss 0.0000 (0.0001)	MaskBCELoss 0.0963 (0.1374)	MaskDICELoss 0.0963 (0.1374)	MaskLoss 0.1926 (0.2747)
Epoch: [4][  6/100]	Time 10.918 (10.918)	Loss 0.3519 (0.1614)	ClsLoss 0.0001 (0.0001)	MaskBCELoss 0.1759 (0.2016)	MaskDICELoss 0.1759 (0.2016)	MaskLoss 0.3518 (0.4032)
Epoch: [4][  7/100]	Time 10.277 (10.277)	Loss 0.0000 (0.0330)	ClsLoss 0.0000 (0.0001)	MaskBCELoss 0.1645 (0.1645)	MaskDICELoss 0.1645 (0.1645)	MaskLoss 0.3291 (0.3291)
Epoch: [4][  8/100]	Time 10.473 (10.473)	Loss 0.2899 (0.3137)	ClsLoss 0.0000 (0.0001)	MaskBCELoss 0.1449 (0.2614)	MaskDICELoss 0.1449 (0.2614)	MaskLoss 0.2899 (0.5227)
Epoch: [4][  9/100]	Time 10.585 (10.585)	Loss 0.0000 (0.2957)	ClsLoss 0.0000 (0.0002)	MaskBCELoss 0.3505 (0.1847)	MaskDICELoss 0.3505 (0.1847)	MaskLoss 0.7011 (0.3694)
[2026-01-28 15:03:13,034] [INFO] [logging.py:96:log_dist] [Rank 0] step=410, skipped=7, lr=[2.45e-05], mom=[(0.9, 0.95)]
[2026-01-28 15:03:13,042] [INFO] [timer.py:260:stop] epoch=0/micro_step=4100/global_step=410, RunningAvgSamplesPerSec=1.9343297727687485, CurrSamplesPerSec=1.9328664682388632, MemAllocated=16.6GB, MaxMemAllocated=19.51GB
Epoch: [4][ 10/100]	Time 10.389 (10.389)	Loss 0.6090 (0.2875)	ClsLoss 0.0000 (0.0000)	MaskBCELoss 0.3045 (0.3593)	MaskDICELoss 0.3045 (0.3593)	MaskLoss 0.6090 (0.7187)
Epoch: [4][ 11/100]	Time 10.309 (10.309)	Loss 0.3532 (0.0556)	ClsLoss 0.0002 (0.0001)	MaskBCELoss 0.1765 (0.1390)	MaskDICELoss 0.1765 (0.1390)	MaskLoss 0.3529 (0.2779)
Epoch: [4][ 12/100]	Time 10.312 (10.312)	Loss 0.0001 (0.0407)	ClsLoss 0.0001 (0.0000)	MaskBCELoss 0.0827 (0.1017)	MaskDICELoss 0.0827 (0.1017)	MaskLoss 0.1655 (0.2034)
Epoch: [4][ 13/100]	Time 10.346 (10.346)	Loss 0.0001 (0.0439)	ClsLoss 0.0001 (0.0001)	MaskBCELoss 0.1100 (0.0730)	MaskDICELoss 0.1100 (0.0730)	MaskLoss 0.2200 (0.1460)
Epoch: [4][ 14/100]	Time 10.315 (10.315)	Loss 0.0000 (0.2222)	ClsLoss 0.0000 (0.0000)	MaskBCELoss 0.9489 (0.5555)	MaskDICELoss 0.9489 (0.5555)	MaskLoss 1.8977 (1.1110)
Epoch: [4][ 15/100]	Time 10.350 (10.350)	Loss 0.0000 (0.0895)	ClsLoss 0.0000 (0.0000)	MaskBCELoss 0.1293 (0.1490)	MaskDICELoss 0.1293 (0.1490)	MaskLoss 0.2586 (0.2981)
Epoch: [4][ 16/100]	Time 10.352 (10.352)	Loss 0.0000 (0.0697)	ClsLoss 0.0000 (0.0001)	MaskBCELoss 0.0650 (0.1160)	MaskDICELoss 0.0650 (0.1160)	MaskLoss 0.1300 (0.2321)
Epoch: [4][ 17/100]	Time 10.303 (10.303)	Loss 0.0000 (0.0154)	ClsLoss 0.0000 (0.0000)	MaskBCELoss 0.0247 (0.0385)	MaskDICELoss 0.0247 (0.0385)	MaskLoss 0.0495 (0.0770)
Epoch: [4][ 18/100]	Time 10.396 (10.396)	Loss 0.0000 (0.1635)	ClsLoss 0.0000 (0.0000)	MaskBCELoss 0.5798 (0.2043)	MaskDICELoss 0.5798 (0.2043)	MaskLoss 1.1596 (0.4086)
Epoch: [4][ 19/100]	Time 10.429 (10.429)	Loss 0.2392 (0.2121)	ClsLoss 0.0001 (0.0002)	MaskBCELoss 0.1196 (0.2119)	MaskDICELoss 0.1196 (0.2119)	MaskLoss 0.2392 (0.4239)
[2026-01-28 15:04:56,393] [INFO] [logging.py:96:log_dist] [Rank 0] step=420, skipped=7, lr=[2.2000000000000003e-05], mom=[(0.9, 0.95)]
[2026-01-28 15:04:56,400] [INFO] [timer.py:260:stop] epoch=0/micro_step=4200/global_step=420, RunningAvgSamplesPerSec=1.9345318499105335, CurrSamplesPerSec=1.959436988134773, MemAllocated=16.6GB, MaxMemAllocated=19.51GB
Epoch: [4][ 20/100]	Time 10.248 (10.248)	Loss 0.0000 (0.1318)	ClsLoss 0.0000 (0.0001)	MaskBCELoss 0.6588 (0.6588)	MaskDICELoss 0.6588 (0.6588)	MaskLoss 1.3175 (1.3175)
Epoch: [4][ 21/100]	Time 10.869 (10.869)	Loss 0.0000 (0.1687)	ClsLoss 0.0000 (0.0000)	MaskBCELoss 0.1106 (0.2810)	MaskDICELoss 0.1106 (0.2810)	MaskLoss 0.2213 (0.5620)
Epoch: [4][ 22/100]	Time 10.228 (10.228)	Loss 0.0000 (0.0085)	ClsLoss 0.0000 (0.0000)	MaskBCELoss 0.0424 (0.0424)	MaskDICELoss 0.0424 (0.0424)	MaskLoss 0.0847 (0.0847)
Epoch: [4][ 23/100]	Time 10.347 (10.347)	Loss 0.0000 (0.2012)	ClsLoss 0.0000 (0.0000)	MaskBCELoss 0.0643 (0.3352)	MaskDICELoss 0.0643 (0.3352)	MaskLoss 0.1286 (0.6705)
Epoch: [4][ 24/100]	Time 10.454 (10.454)	Loss 0.2048 (0.2520)	ClsLoss 0.0001 (0.0000)	MaskBCELoss 0.1024 (0.2100)	MaskDICELoss 0.1024 (0.2100)	MaskLoss 0.2047 (0.4200)
Epoch: [4][ 25/100]	Time 10.244 (10.244)	Loss 1.4069 (0.1407)	ClsLoss 0.0001 (0.0000)	MaskBCELoss 0.7034 (0.7034)	MaskDICELoss 0.7034 (0.7034)	MaskLoss 1.4068 (1.4068)
Epoch: [4][ 26/100]	Time 10.489 (10.489)	Loss 0.3400 (0.2146)	ClsLoss 0.0000 (0.0000)	MaskBCELoss 0.1700 (0.1788)	MaskDICELoss 0.1700 (0.1788)	MaskLoss 0.3400 (0.3575)
Epoch: [4][ 27/100]	Time 10.346 (10.346)	Loss 0.0000 (0.0862)	ClsLoss 0.0000 (0.0000)	MaskBCELoss 0.3469 (0.1435)	MaskDICELoss 0.3469 (0.1435)	MaskLoss 0.6937 (0.2871)
Epoch: [4][ 28/100]	Time 10.311 (10.311)	Loss 0.0000 (0.0309)	ClsLoss 0.0000 (0.0000)	MaskBCELoss 0.0957 (0.0772)	MaskDICELoss 0.0957 (0.0772)	MaskLoss 0.1915 (0.1545)
Epoch: [4][ 29/100]	Time 10.342 (10.342)	Loss 0.0001 (0.1125)	ClsLoss 0.0001 (0.0001)	MaskBCELoss 0.4311 (0.1873)	MaskDICELoss 0.4311 (0.1873)	MaskLoss 0.8622 (0.3747)
[2026-01-28 15:06:40,315] [INFO] [logging.py:96:log_dist] [Rank 0] step=430, skipped=7, lr=[1.9500000000000003e-05], mom=[(0.9, 0.95)]
[2026-01-28 15:06:40,322] [INFO] [timer.py:260:stop] epoch=0/micro_step=4300/global_step=430, RunningAvgSamplesPerSec=1.9347109490477574, CurrSamplesPerSec=1.9510978851706282, MemAllocated=16.6GB, MaxMemAllocated=19.51GB
Epoch: [4][ 30/100]	Time 10.292 (10.292)	Loss 0.1053 (0.0222)	ClsLoss 0.0000 (0.0000)	MaskBCELoss 0.0527 (0.0555)	MaskDICELoss 0.0527 (0.0555)	MaskLoss 0.1053 (0.1109)
Epoch: [4][ 31/100]	Time 10.373 (10.373)	Loss 0.3652 (0.0840)	ClsLoss 0.0000 (0.0000)	MaskBCELoss 0.1826 (0.1049)	MaskDICELoss 0.1826 (0.1049)	MaskLoss 0.3651 (0.2098)
Epoch: [4][ 32/100]	Time 10.394 (10.394)	Loss 0.0000 (0.2007)	ClsLoss 0.0000 (0.0000)	MaskBCELoss 0.1185 (0.2508)	MaskDICELoss 0.1185 (0.2508)	MaskLoss 0.2370 (0.5015)
Epoch: [4][ 33/100]	Time 10.373 (10.373)	Loss 0.2467 (0.0815)	ClsLoss 0.0001 (0.0000)	MaskBCELoss 0.1233 (0.1019)	MaskDICELoss 0.1233 (0.1019)	MaskLoss 0.2466 (0.2037)
Epoch: [4][ 34/100]	Time 10.339 (10.339)	Loss 0.0001 (0.1628)	ClsLoss 0.0001 (0.0000)	MaskBCELoss 0.0146 (0.2713)	MaskDICELoss 0.0146 (0.2713)	MaskLoss 0.0293 (0.5426)
Epoch: [4][ 35/100]	Time 10.395 (10.395)	Loss 0.0001 (0.2532)	ClsLoss 0.0001 (0.0000)	MaskBCELoss 0.0292 (0.2531)	MaskDICELoss 0.0292 (0.2531)	MaskLoss 0.0585 (0.5063)
Epoch: [4][ 36/100]	Time 10.800 (10.800)	Loss 0.0000 (0.0236)	ClsLoss 0.0000 (0.0000)	MaskBCELoss 0.1177 (0.1177)	MaskDICELoss 0.1177 (0.1177)	MaskLoss 0.2355 (0.2355)
Epoch: [4][ 37/100]	Time 10.377 (10.377)	Loss 0.0000 (0.0962)	ClsLoss 0.0000 (0.0000)	MaskBCELoss 0.2524 (0.1202)	MaskDICELoss 0.2524 (0.1202)	MaskLoss 0.5048 (0.2405)
Epoch: [4][ 38/100]	Time 10.280 (10.280)	Loss 0.6299 (0.0734)	ClsLoss 0.0001 (0.0000)	MaskBCELoss 0.3149 (0.1834)	MaskDICELoss 0.3149 (0.1834)	MaskLoss 0.6298 (0.3667)
Epoch: [4][ 39/100]	Time 10.421 (10.421)	Loss 0.0001 (0.1723)	ClsLoss 0.0001 (0.0001)	MaskBCELoss 0.0384 (0.1722)	MaskDICELoss 0.0384 (0.1722)	MaskLoss 0.0768 (0.3444)
[2026-01-28 15:08:24,382] [INFO] [logging.py:96:log_dist] [Rank 0] step=440, skipped=7, lr=[1.7000000000000003e-05], mom=[(0.9, 0.95)]
[2026-01-28 15:08:24,389] [INFO] [timer.py:260:stop] epoch=0/micro_step=4400/global_step=440, RunningAvgSamplesPerSec=1.9348266329608337, CurrSamplesPerSec=1.9465744420491238, MemAllocated=16.6GB, MaxMemAllocated=19.51GB
Epoch: [4][ 40/100]	Time 10.316 (10.316)	Loss 0.0855 (0.0562)	ClsLoss 0.0001 (0.0000)	MaskBCELoss 0.0427 (0.0935)	MaskDICELoss 0.0427 (0.0935)	MaskLoss 0.0854 (0.1871)
Epoch: [4][ 41/100]	Time 10.380 (10.380)	Loss 0.0000 (0.3405)	ClsLoss 0.0000 (0.0001)	MaskBCELoss 0.1953 (0.4256)	MaskDICELoss 0.1953 (0.4256)	MaskLoss 0.3906 (0.8512)
Epoch: [4][ 42/100]	Time 10.295 (10.295)	Loss 0.0000 (0.0195)	ClsLoss 0.0000 (0.0000)	MaskBCELoss 0.0772 (0.0488)	MaskDICELoss 0.0772 (0.0488)	MaskLoss 0.1545 (0.0976)
Epoch: [4][ 43/100]	Time 10.381 (10.381)	Loss 0.6264 (0.1070)	ClsLoss 0.0000 (0.0000)	MaskBCELoss 0.3132 (0.1337)	MaskDICELoss 0.3132 (0.1337)	MaskLoss 0.6263 (0.2674)
Epoch: [4][ 44/100]	Time 10.355 (10.355)	Loss 0.0000 (0.1016)	ClsLoss 0.0000 (0.0000)	MaskBCELoss 0.0380 (0.1692)	MaskDICELoss 0.0380 (0.1692)	MaskLoss 0.0760 (0.3384)
Epoch: [4][ 45/100]	Time 10.378 (10.378)	Loss 0.0765 (0.1585)	ClsLoss 0.0000 (0.0000)	MaskBCELoss 0.0382 (0.1981)	MaskDICELoss 0.0382 (0.1981)	MaskLoss 0.0765 (0.3963)
Epoch: [4][ 46/100]	Time 10.432 (10.432)	Loss 0.2024 (0.2454)	ClsLoss 0.0001 (0.0000)	MaskBCELoss 0.1012 (0.2453)	MaskDICELoss 0.1012 (0.2453)	MaskLoss 0.2023 (0.4907)
Epoch: [4][ 47/100]	Time 10.340 (10.340)	Loss 0.2388 (0.0342)	ClsLoss 0.0000 (0.0000)	MaskBCELoss 0.1194 (0.0569)	MaskDICELoss 0.1194 (0.0569)	MaskLoss 0.2388 (0.1138)
Epoch: [4][ 48/100]	Time 10.394 (10.394)	Loss 0.0000 (0.2260)	ClsLoss 0.0000 (0.0000)	MaskBCELoss 0.1278 (0.2825)	MaskDICELoss 0.1278 (0.2825)	MaskLoss 0.2556 (0.5650)
Epoch: [4][ 49/100]	Time 10.342 (10.342)	Loss 0.0000 (0.1600)	ClsLoss 0.0000 (0.0001)	MaskBCELoss 0.5411 (0.2665)	MaskDICELoss 0.5411 (0.2665)	MaskLoss 1.0821 (0.5330)
[2026-01-28 15:10:07,996] [INFO] [logging.py:96:log_dist] [Rank 0] step=450, skipped=7, lr=[1.45e-05], mom=[(0.9, 0.95)]
[2026-01-28 15:10:08,003] [INFO] [timer.py:260:stop] epoch=0/micro_step=4500/global_step=450, RunningAvgSamplesPerSec=1.9348975608558303, CurrSamplesPerSec=1.9465925554728807, MemAllocated=16.6GB, MaxMemAllocated=19.51GB
Epoch: [4][ 50/100]	Time 10.317 (10.317)	Loss 0.1388 (0.0754)	ClsLoss 0.0000 (0.0000)	MaskBCELoss 0.0694 (0.1256)	MaskDICELoss 0.0694 (0.1256)	MaskLoss 0.1387 (0.2512)
Epoch: [4][ 51/100]	Time 10.904 (10.904)	Loss 0.0000 (0.0873)	ClsLoss 0.0000 (0.0000)	MaskBCELoss 0.3659 (0.2182)	MaskDICELoss 0.3659 (0.2182)	MaskLoss 0.7318 (0.4364)
Epoch: [4][ 52/100]	Time 10.312 (10.312)	Loss 0.0000 (0.0472)	ClsLoss 0.0000 (0.0000)	MaskBCELoss 0.1181 (0.1179)	MaskDICELoss 0.1181 (0.1179)	MaskLoss 0.2361 (0.2357)
Epoch: [4][ 53/100]	Time 10.307 (10.307)	Loss 0.0000 (0.0645)	ClsLoss 0.0000 (0.0000)	MaskBCELoss 0.2594 (0.1612)	MaskDICELoss 0.2594 (0.1612)	MaskLoss 0.5188 (0.3224)
Epoch: [4][ 54/100]	Time 10.408 (10.408)	Loss 0.0000 (0.1906)	ClsLoss 0.0000 (0.0000)	MaskBCELoss 0.2671 (0.2382)	MaskDICELoss 0.2671 (0.2382)	MaskLoss 0.5342 (0.4764)
Epoch: [4][ 55/100]	Time 10.451 (10.451)	Loss 0.0000 (0.1571)	ClsLoss 0.0000 (0.0000)	MaskBCELoss 0.0567 (0.1571)	MaskDICELoss 0.0567 (0.1571)	MaskLoss 0.1134 (0.3142)
Epoch: [4][ 56/100]	Time 10.392 (10.392)	Loss 0.0000 (0.2544)	ClsLoss 0.0000 (0.0000)	MaskBCELoss 0.0872 (0.3179)	MaskDICELoss 0.0872 (0.3179)	MaskLoss 0.1743 (0.6358)
Epoch: [4][ 57/100]	Time 10.524 (10.524)	Loss 0.0000 (0.1459)	ClsLoss 0.0000 (0.0000)	MaskBCELoss 0.0343 (0.1042)	MaskDICELoss 0.0343 (0.1042)	MaskLoss 0.0686 (0.2084)
Epoch: [4][ 58/100]	Time 10.347 (10.347)	Loss 0.0000 (0.2144)	ClsLoss 0.0000 (0.0000)	MaskBCELoss 0.3762 (0.3573)	MaskDICELoss 0.3762 (0.3573)	MaskLoss 0.7523 (0.7147)
Epoch: [4][ 59/100]	Time 10.350 (10.350)	Loss 0.0000 (0.0773)	ClsLoss 0.0000 (0.0000)	MaskBCELoss 0.0838 (0.1288)	MaskDICELoss 0.0838 (0.1288)	MaskLoss 0.1675 (0.2577)
[2026-01-28 15:11:52,353] [INFO] [logging.py:96:log_dist] [Rank 0] step=460, skipped=7, lr=[1.2e-05], mom=[(0.9, 0.95)]
[2026-01-28 15:11:52,360] [INFO] [timer.py:260:stop] epoch=0/micro_step=4600/global_step=460, RunningAvgSamplesPerSec=1.93489624272383, CurrSamplesPerSec=1.937900698289044, MemAllocated=16.6GB, MaxMemAllocated=19.51GB
Epoch: [4][ 60/100]	Time 10.362 (10.362)	Loss 0.0001 (0.1329)	ClsLoss 0.0001 (0.0000)	MaskBCELoss 0.1092 (0.2215)	MaskDICELoss 0.1092 (0.2215)	MaskLoss 0.2183 (0.4430)
Epoch: [4][ 61/100]	Time 10.353 (10.353)	Loss 0.0000 (0.0802)	ClsLoss 0.0000 (0.0000)	MaskBCELoss 0.2617 (0.1337)	MaskDICELoss 0.2617 (0.1337)	MaskLoss 0.5235 (0.2673)
Epoch: [4][ 62/100]	Time 10.350 (10.350)	Loss 0.0000 (0.1380)	ClsLoss 0.0000 (0.0000)	MaskBCELoss 0.1282 (0.2300)	MaskDICELoss 0.1282 (0.2300)	MaskLoss 0.2565 (0.4600)
Epoch: [4][ 63/100]	Time 10.354 (10.354)	Loss 0.0000 (0.0341)	ClsLoss 0.0000 (0.0000)	MaskBCELoss 0.0446 (0.0568)	MaskDICELoss 0.0446 (0.0568)	MaskLoss 0.0892 (0.1136)
Epoch: [4][ 64/100]	Time 10.311 (10.311)	Loss 0.0000 (0.0709)	ClsLoss 0.0000 (0.0000)	MaskBCELoss 0.2242 (0.1771)	MaskDICELoss 0.2242 (0.1771)	MaskLoss 0.4485 (0.3542)
Epoch: [4][ 65/100]	Time 10.346 (10.346)	Loss 0.2367 (0.1019)	ClsLoss 0.0000 (0.0000)	MaskBCELoss 0.1183 (0.1274)	MaskDICELoss 0.1183 (0.1274)	MaskLoss 0.2367 (0.2548)
Epoch: [4][ 66/100]	Time 11.002 (11.002)	Loss 0.0000 (0.1511)	ClsLoss 0.0000 (0.0000)	MaskBCELoss 0.5299 (0.1888)	MaskDICELoss 0.5299 (0.1888)	MaskLoss 1.0599 (0.3777)
Epoch: [4][ 67/100]	Time 10.448 (10.448)	Loss 0.2386 (0.1336)	ClsLoss 0.0000 (0.0000)	MaskBCELoss 0.1193 (0.1336)	MaskDICELoss 0.1193 (0.1336)	MaskLoss 0.2385 (0.2672)
Epoch: [4][ 68/100]	Time 10.314 (10.314)	Loss 0.0001 (0.0557)	ClsLoss 0.0001 (0.0000)	MaskBCELoss 0.2492 (0.1391)	MaskDICELoss 0.2492 (0.1391)	MaskLoss 0.4984 (0.2782)
Epoch: [4][ 69/100]	Time 10.485 (10.485)	Loss 0.0000 (0.1341)	ClsLoss 0.0000 (0.0000)	MaskBCELoss 0.1373 (0.1118)	MaskDICELoss 0.1373 (0.1118)	MaskLoss 0.2746 (0.2235)
[2026-01-28 15:13:36,573] [INFO] [logging.py:96:log_dist] [Rank 0] step=470, skipped=7, lr=[9.5e-06], mom=[(0.9, 0.95)]
[2026-01-28 15:13:36,580] [INFO] [timer.py:260:stop] epoch=0/micro_step=4700/global_step=470, RunningAvgSamplesPerSec=1.9349570503725084, CurrSamplesPerSec=1.9578123877178069, MemAllocated=16.6GB, MaxMemAllocated=19.51GB
Epoch: [4][ 70/100]	Time 10.257 (10.257)	Loss 0.0000 (0.0531)	ClsLoss 0.0000 (0.0000)	MaskBCELoss 0.2653 (0.2653)	MaskDICELoss 0.2653 (0.2653)	MaskLoss 0.5305 (0.5305)
Epoch: [4][ 71/100]	Time 10.399 (10.399)	Loss 0.0000 (0.0732)	ClsLoss 0.0000 (0.0000)	MaskBCELoss 0.0797 (0.0915)	MaskDICELoss 0.0797 (0.0915)	MaskLoss 0.1595 (0.1830)
Epoch: [4][ 72/100]	Time 10.438 (10.438)	Loss 0.2605 (0.1210)	ClsLoss 0.0000 (0.0000)	MaskBCELoss 0.1302 (0.1210)	MaskDICELoss 0.1302 (0.1210)	MaskLoss 0.2605 (0.2420)
Epoch: [4][ 73/100]	Time 10.319 (10.319)	Loss 0.0000 (0.0542)	ClsLoss 0.0000 (0.0000)	MaskBCELoss 0.1371 (0.1354)	MaskDICELoss 0.1371 (0.1354)	MaskLoss 0.2741 (0.2708)
Epoch: [4][ 74/100]	Time 10.341 (10.341)	Loss 0.1498 (0.1429)	ClsLoss 0.0001 (0.0000)	MaskBCELoss 0.0749 (0.2381)	MaskDICELoss 0.0749 (0.2381)	MaskLoss 0.1498 (0.4763)
Epoch: [4][ 75/100]	Time 10.304 (10.304)	Loss 0.0000 (0.0351)	ClsLoss 0.0000 (0.0000)	MaskBCELoss 0.1020 (0.0877)	MaskDICELoss 0.1020 (0.0877)	MaskLoss 0.2041 (0.1754)
Epoch: [4][ 76/100]	Time 10.390 (10.390)	Loss 0.0000 (0.1867)	ClsLoss 0.0000 (0.0000)	MaskBCELoss 0.1093 (0.2333)	MaskDICELoss 0.1093 (0.2333)	MaskLoss 0.2187 (0.4667)
Epoch: [4][ 77/100]	Time 10.291 (10.291)	Loss 0.0000 (0.1515)	ClsLoss 0.0000 (0.0000)	MaskBCELoss 0.5488 (0.3787)	MaskDICELoss 0.5488 (0.3787)	MaskLoss 1.0975 (0.7574)
Epoch: [4][ 78/100]	Time 10.300 (10.300)	Loss 0.0000 (0.0449)	ClsLoss 0.0000 (0.0000)	MaskBCELoss 0.0873 (0.1121)	MaskDICELoss 0.0873 (0.1121)	MaskLoss 0.1746 (0.2243)
Epoch: [4][ 79/100]	Time 10.266 (10.266)	Loss 0.0000 (0.0485)	ClsLoss 0.0000 (0.0000)	MaskBCELoss 0.2424 (0.2424)	MaskDICELoss 0.2424 (0.2424)	MaskLoss 0.4847 (0.4847)
[2026-01-28 15:15:20,111] [INFO] [logging.py:96:log_dist] [Rank 0] step=480, skipped=7, lr=[7.000000000000001e-06], mom=[(0.9, 0.95)]
[2026-01-28 15:15:20,118] [INFO] [timer.py:260:stop] epoch=0/micro_step=4800/global_step=480, RunningAvgSamplesPerSec=1.935048854114481, CurrSamplesPerSec=1.9142614509972036, MemAllocated=16.6GB, MaxMemAllocated=19.51GB
Epoch: [4][ 80/100]	Time 10.490 (10.490)	Loss 0.0695 (0.3280)	ClsLoss 0.0001 (0.0000)	MaskBCELoss 0.0347 (0.2343)	MaskDICELoss 0.0347 (0.2343)	MaskLoss 0.0694 (0.4685)
Epoch: [4][ 81/100]	Time 10.965 (10.965)	Loss 0.0000 (0.1258)	ClsLoss 0.0000 (0.0000)	MaskBCELoss 0.2208 (0.2096)	MaskDICELoss 0.2208 (0.2096)	MaskLoss 0.4415 (0.4193)
Epoch: [4][ 82/100]	Time 10.434 (10.434)	Loss 0.0396 (0.1935)	ClsLoss 0.0000 (0.0000)	MaskBCELoss 0.0198 (0.1934)	MaskDICELoss 0.0198 (0.1934)	MaskLoss 0.0396 (0.3869)
Epoch: [4][ 83/100]	Time 10.303 (10.303)	Loss 0.0000 (0.1034)	ClsLoss 0.0000 (0.0000)	MaskBCELoss 0.3193 (0.2584)	MaskDICELoss 0.3193 (0.2584)	MaskLoss 0.6386 (0.5168)
Epoch: [4][ 84/100]	Time 10.403 (10.403)	Loss 0.0000 (0.0690)	ClsLoss 0.0000 (0.0000)	MaskBCELoss 0.1199 (0.0862)	MaskDICELoss 0.1199 (0.0862)	MaskLoss 0.2398 (0.1724)
Epoch: [4][ 85/100]	Time 10.298 (10.298)	Loss 0.0000 (0.0162)	ClsLoss 0.0000 (0.0000)	MaskBCELoss 0.0548 (0.0405)	MaskDICELoss 0.0548 (0.0405)	MaskLoss 0.1097 (0.0811)
Epoch: [4][ 86/100]	Time 10.437 (10.437)	Loss 0.0000 (0.1237)	ClsLoss 0.0000 (0.0000)	MaskBCELoss 0.0762 (0.1237)	MaskDICELoss 0.0762 (0.1237)	MaskLoss 0.1524 (0.2474)
Epoch: [4][ 87/100]	Time 10.390 (10.390)	Loss 0.0000 (0.1279)	ClsLoss 0.0000 (0.0000)	MaskBCELoss 0.1146 (0.1599)	MaskDICELoss 0.1146 (0.1599)	MaskLoss 0.2292 (0.3198)
Epoch: [4][ 88/100]	Time 10.309 (10.309)	Loss 0.0000 (0.0834)	ClsLoss 0.0000 (0.0000)	MaskBCELoss 0.3633 (0.2085)	MaskDICELoss 0.3633 (0.2085)	MaskLoss 0.7267 (0.4170)
Epoch: [4][ 89/100]	Time 10.388 (10.388)	Loss 0.0000 (0.1015)	ClsLoss 0.0000 (0.0000)	MaskBCELoss 0.0567 (0.1269)	MaskDICELoss 0.0567 (0.1269)	MaskLoss 0.1135 (0.2537)
[2026-01-28 15:17:04,452] [INFO] [logging.py:96:log_dist] [Rank 0] step=490, skipped=7, lr=[4.5e-06], mom=[(0.9, 0.95)]
[2026-01-28 15:17:04,460] [INFO] [timer.py:260:stop] epoch=0/micro_step=4900/global_step=490, RunningAvgSamplesPerSec=1.9350576079449338, CurrSamplesPerSec=1.9278894734751932, MemAllocated=16.6GB, MaxMemAllocated=19.51GB
Epoch: [4][ 90/100]	Time 10.416 (10.416)	Loss 0.0000 (0.1942)	ClsLoss 0.0000 (0.0000)	MaskBCELoss 0.0564 (0.1941)	MaskDICELoss 0.0564 (0.1941)	MaskLoss 0.1128 (0.3883)
Epoch: [4][ 91/100]	Time 10.378 (10.378)	Loss 0.0000 (0.0848)	ClsLoss 0.0000 (0.0000)	MaskBCELoss 0.0968 (0.1060)	MaskDICELoss 0.0968 (0.1060)	MaskLoss 0.1935 (0.2121)
Epoch: [4][ 92/100]	Time 10.434 (10.434)	Loss 0.0000 (0.1577)	ClsLoss 0.0000 (0.0000)	MaskBCELoss 0.4284 (0.1576)	MaskDICELoss 0.4284 (0.1576)	MaskLoss 0.8568 (0.3153)
Epoch: [4][ 93/100]	Time 10.257 (10.257)	Loss 0.0000 (0.0287)	ClsLoss 0.0000 (0.0000)	MaskBCELoss 0.1435 (0.1435)	MaskDICELoss 0.1435 (0.1435)	MaskLoss 0.2869 (0.2869)
Epoch: [4][ 94/100]	Time 10.294 (10.294)	Loss 0.0000 (0.0920)	ClsLoss 0.0000 (0.0000)	MaskBCELoss 0.0529 (0.2300)	MaskDICELoss 0.0529 (0.2300)	MaskLoss 0.1058 (0.4600)
Epoch: [4][ 95/100]	Time 10.258 (10.258)	Loss 0.0000 (0.1354)	ClsLoss 0.0000 (0.0000)	MaskBCELoss 0.5537 (0.3384)	MaskDICELoss 0.5537 (0.3384)	MaskLoss 1.1073 (0.6768)
Epoch: [4][ 96/100]	Time 10.887 (10.887)	Loss 0.0000 (0.0503)	ClsLoss 0.0000 (0.0000)	MaskBCELoss 0.1203 (0.0838)	MaskDICELoss 0.1203 (0.0838)	MaskLoss 0.2406 (0.1676)
Epoch: [4][ 97/100]	Time 10.225 (10.225)	Loss 0.0000 (0.0358)	ClsLoss 0.0000 (0.0000)	MaskBCELoss 0.1792 (0.1792)	MaskDICELoss 0.1792 (0.1792)	MaskLoss 0.3583 (0.3583)
Epoch: [4][ 98/100]	Time 10.324 (10.324)	Loss 0.0000 (0.0718)	ClsLoss 0.0000 (0.0000)	MaskBCELoss 0.2108 (0.1196)	MaskDICELoss 0.2108 (0.1196)	MaskLoss 0.4216 (0.2392)
Epoch: [4][ 99/100]	Time 10.360 (10.360)	Loss 0.2524 (0.0859)	ClsLoss 0.0000 (0.0000)	MaskBCELoss 0.1262 (0.1074)	MaskDICELoss 0.1262 (0.1074)	MaskLoss 0.2524 (0.2148)
[2026-01-28 15:18:48,330] [INFO] [logging.py:96:log_dist] [Rank 0] step=500, skipped=7, lr=[2.0000000000000003e-06], mom=[(0.9, 0.95)]
[2026-01-28 15:18:48,337] [INFO] [timer.py:260:stop] epoch=0/micro_step=5000/global_step=500, RunningAvgSamplesPerSec=1.9352295214609294, CurrSamplesPerSec=1.9195041027227295, MemAllocated=16.6GB, MaxMemAllocated=19.51GB
Epoch: [4][100/100]	Time 10.462 (10.462)	Loss 0.1833 (0.1585)	ClsLoss 0.0001 (0.0000)	MaskBCELoss 0.0916 (0.1320)	MaskDICELoss 0.0916 (0.1320)	MaskLoss 0.1832 (0.2641)

Performing validation after epoch 5

First validation batch details:
image_paths length: 1
images shape: torch.Size([1, 3, 1024, 1024])
images_clip shape: torch.Size([1, 3, 224, 224])
input_ids shape: torch.Size([1, 81])
cls_labels shape: torch.Size([1])
labels shape: torch.Size([1, 81])
attention_masks shape: torch.Size([1, 81])
masks_list length: 1
cls_labels_list length: 1
label_list length: 1
resize_list length: 1
offset shape: torch.Size([2])
questions_list length: 1
sampled_classes_list length: 1
conversation_list length: 1

Processing first batch:
Input dict keys: dict_keys(['image_paths', 'images', 'images_clip', 'input_ids', 'cls_labels', 'labels', 'attention_masks', 'masks_list', 'cls_labels_list', 'label_list', 'resize_list', 'offset', 'questions_list', 'sampled_classes_list', 'inference', 'conversation_list'])

Full Validation Results:
giou: 0.8327, ciou: 0.9313
Classification Accuracy: 100.0000%
Pixel Accuracy: 93.1255%
IoU: 0.9313
F1 Score: 0.9644
Approximate AUC: 1.0000
Total correct classifications: 300
Total classification samples: 300

Per-Class Metrics:

Real:
  Accuracy:  1.0000
  Precision: 1.0000
  Recall:    1.0000
  F1 Score:  1.0000

Full Synthetic:
  Accuracy:  1.0000
  Precision: 1.0000
  Recall:    1.0000
  F1 Score:  1.0000

Tampered:
  Accuracy:  1.0000
  Precision: 1.0000
  Recall:    1.0000
  F1 Score:  1.0000

Confusion Matrix:
Predicted 
Actual 
                            RealFull Synthetic    Tampered
Real                         100           0           0
Full Synthetic                 0         100           0
Tampered                       0           0         100
Current accuracy: 100.00%, Best accuracy: 100.00%
Current iou: 0.00%, Best score: 0.83%
[2026-01-28 15:20:23,542] [INFO] [logging.py:96:log_dist] [Rank 0] [Torch] Checkpoint global_step500 is about to be saved!
[2026-01-28 15:20:32,336] [INFO] [logging.py:96:log_dist] [Rank 0] Saving model checkpoint: ./runs/SIDA-7B/final_checkpoint/global_step500/mp_rank_00_model_states.pt
[2026-01-28 15:20:32,336] [INFO] [torch_checkpoint_engine.py:21:save] [Torch] Saving ./runs/SIDA-7B/final_checkpoint/global_step500/mp_rank_00_model_states.pt...
[2026-01-28 15:23:17,782] [INFO] [torch_checkpoint_engine.py:23:save] [Torch] Saved ./runs/SIDA-7B/final_checkpoint/global_step500/mp_rank_00_model_states.pt.
[2026-01-28 15:23:18,294] [INFO] [torch_checkpoint_engine.py:21:save] [Torch] Saving ./runs/SIDA-7B/final_checkpoint/global_step500/zero_pp_rank_0_mp_rank_00_optim_states.pt...
[2026-01-28 15:23:21,307] [INFO] [torch_checkpoint_engine.py:23:save] [Torch] Saved ./runs/SIDA-7B/final_checkpoint/global_step500/zero_pp_rank_0_mp_rank_00_optim_states.pt.
[2026-01-28 15:23:21,308] [INFO] [engine.py:3488:_save_zero_checkpoint] zero checkpoint saved ./runs/SIDA-7B/final_checkpoint/global_step500/zero_pp_rank_0_mp_rank_00_optim_states.pt
[2026-01-28 15:23:21,308] [INFO] [torch_checkpoint_engine.py:33:commit] [Torch] Checkpoint global_step500 is ready now!

Training completed. Final checkpoint saved to ./runs/SIDA-7B/final_checkpoint
[2026-01-28 15:23:23,846] [INFO] [launch.py:348:main] Process 1817866 exits successfully.
